대학,언론사,기사 제목,기사 요약,발행시각,언론사 링크,네이버 링크
서울대학교,메디게이트뉴스,서울대 의대 교수에서 이천 지역구 도전으로…김윤 “정치 바꾸는 효능...,서울대 의대 의료관리학교실 교수로 의료정책을 연구해온 더불어민주당 김윤 의원이 비례대표 국회의원을 거쳐 경기 이천 지역구에 도전한다. 국회에서 정책이 실제 제도로 바뀌는 ‘정치적 효능감’을 경험한 것이...,2026-09-01 07:08,https://www.medigatenews.com/news/1960332886,https://www.medigatenews.com/news/1960332886
서울대학교,마이데일리,"""남사친과 몽골 여행?""…성대 신세경·미스터 서울대, '사랑 싸움' 결과...","JTBC '연애전쟁'에 출연한 ‘성대 신세경’ 김예리 씨와 서울대 의과대학 박사 과정 중인 ‘미스터 서울대’ 이성준 씨가 그 주인공. 두 사람 갈등의 중심에는 여자친구 주변의 수많은 남사친이 있었다. 김예리 씨는 ""남녀...",2026-09-01 06:35,https://www.mydaily.co.kr/page/view/2026090106234969766,https://m.entertain.naver.com/article/117/0004100226
고려대학교,LABORTODAY,고려대 노동대학원·노동문제연구소 10월 '한국노동사회포럼' (온라인 수...,▲ 고려대학교 노동대학원·노동문제연구소 고려대 노동대학원·노동문제연구소(원장 겸 소장 김원섭)가 10월 인공지능(AI)과 고용·복지체제 대응을 주제로 한 한국노동사회포럼에 이어 12월 노동 분야에서 뛰어난 업적을...,2026-09-01 06:34,https://www.labortoday.co.kr/news/articleView.html?idxno=236527,https://www.labortoday.co.kr/news/articleView.html?idxno=236527
서울대학교,서울경제,‘서울대 10개’ 외치지만…거점국립대 교육투자는 제자리,1일 서울경제신문이 대학알리미 공시 자료를 분석한 결과에 따르면 서울대를 제외한 강원대·경북대·경상대·부산대·전남대·전북대·제주대·충남대·충북대 등 이른바 9개 거점 국립대의 학생 1인당 교육비는...,2026-09-01 06:01,https://www.sedaily.com/article/20085306?ref=naver,https://n.news.naver.com/mnews/article/011/0004657136?sid=102
고려대학교,이데일리,"고려대, 교과전형서 내신 90% 서류 10% 반영",고려대는 2027학년도 수시모집에서 2731명의 신입생을 선발한다. 전년 대비 28명 늘어난 수치다. 전형별 모집... 게 대학 측 설명이다. 수시모집에서 비중이 가장 큰 학생부위주전형은 학생부교과전형(학교추천전형)과...,2026-09-01 05:58,https://www.edaily.co.kr/News/Read?newsId=02102486645575856&mediaCodeNo=257&utm_source=naver&utm_medium=referral&utm_campaign=news_syndication&utm_content=original_article,https://n.news.naver.com/mnews/article/018/0006361244?sid=102
고려대학교,국민일보,정신영저널리즘 학술상에 박재영 고려대 교수,관훈클럽정신영기금은 제3회 정신영 저널리즘 학술상 수상작으로 박재영(사진) 고려대 미디어대학 교수의 책 ‘좋은 기사의 스토리텔링’을 선정했다고 31일 밝혔다. 정신영 저널리즘 학술상은 저널리즘 학계와...,2026-09-01 01:30,https://www.kmib.co.kr/article/view.asp?arcid=9000007853&cp=nv,https://n.news.naver.com/mnews/article/005/0001870097?sid=102
서울대학교,스타뉴스,"'연애전쟁' 40일 커플, 성균관대 신세경♥미스터 서울대..최다니엘 ""사기...","여성은 성균관대학교 공대 출신으로 '성대 신세경'이라는 별명으로 소개됐고 남성 또한 서울대학교 의과대학에서 박사 과정에 재학중으로 이목을 끌었다. 서장훈은 ""성대 신세경?""이라며 관심을 보였고, 이효리는 ""나름...",2026-09-01 01:08,https://www.starnewskorea.com/broadcast-show/2026/09/01/2026083123441163241,https://m.entertain.naver.com/article/108/0003466751
서울대학교,아시아경제,서울대 총장 후보 12명 확정…유홍림 연임 도전,서울대학교 제29대 총장 선거에 유홍림 현 총장을 포함한 12명이 후보로 확정됐다. 유 총장이 연임에 성공할 경우 서울대에서는 52년 만에 연임 총장이 나오게 된다. 서울대는 31일 제29대 총장후보대상자 12명을...,2026-08-31 23:59,https://view.asiae.co.kr/article/2026083123592377808,https://n.news.naver.com/mnews/article/277/0005809843?sid=102
고려대학교,서울경제,정신영 저널리즘 학술상에 박재영 고려대 교수,박재영(사진) 고려대 미디어대학 교수의 책 ‘좋은 기사의 스토리텔링’이 ‘제3회 정신영 저널리즘 학술상’ 수상작으로 선정됐다. 관훈클럽정신영기금은 9월 10일 서울 종로구 관훈동 정신영기금회관에서 학술상...,2026-08-31 23:48,https://www.sedaily.com/article/20085528?ref=naver,https://n.news.naver.com/mnews/article/011/0004657109?sid=102
서울대학교,이투데이,'연애전쟁' 성균관대 신세경 vs 미스터 서울대…남사친 충돌,'연애전쟁'에서 '성대 신세경' 김예리 씨와 '미스터 서울대' 이성준 씨가 출연한다. 31일 방송되는 JTBC '연애전쟁'에서는 이효리와 서장훈이 이성 친구 문제로 갈등을 빚는 대학생 커플의 사연에 직언을 날린다. 운동을...,2026-08-31 21:46,https://enter.etoday.co.kr/news/view/301781,https://enter.etoday.co.kr/news/view/301781
고려대학교,이뉴스투데이,"[고려대 소식] 고려대 학부생, '세계적 학술지에 제1저자 논문 게재' 외","고려대 KU마음건강연구소(최기홍 교수)가 주관기관으로 고려대 고령사회연구원(윤석준 교수), 경희대 글로벌류큐·오키나와연구소(손지연 교수), 일본 무사시노대학교 인간과학연구소(노나카 슌스케 교수) 국내외 4개...",2026-08-31 21:24,http://www.enewstoday.co.kr/news/articleView.html?idxno=2465046,http://www.enewstoday.co.kr/news/articleView.html?idxno=2465046
서울대학교,머니투데이,"서울대 차기총장 후보, 유홍림 현 총장 등 12명 확정",서울대 차기 총장 후보 대상자가 유홍림 현 총장을 포함한 교수 12명으로 확정됐다. 서울대는 31일 언론공지를 통해 제29대 총장 후보 대상자가 확정됐다고 밝혔다. 명단엔 유 총장을 비롯해 장판식 농업생명과학대학...,2026-08-31 21:18,https://www.mt.co.kr/policy/2026/08/31/2026083121023171861,https://n.news.naver.com/mnews/article/008/0005407351?sid=102
서울대학교,한국일보,막 오른 서울대 총장 선거...유홍림 등 12명 확정,서울대학교 차기 총장 선거 후보 대상자가 유홍림 현 총장을 포함한 교수 12명으로 확정됐다. 서울대는 31일 언론 공지를 통해 제 29대 총장 후보 대상자가 확정됐다고 발표했다. 명단에는 유 총장을 포함해 △장판식...,2026-08-31 21:11,https://www.hankookilbo.com/news/article/A2026083120380001355?did=NA,https://n.news.naver.com/mnews/article/469/0000951297?sid=102
서울대학교,텐아시아,"'서울대 출신' 황석정, 가정사 고백…""욕구 채워지지 않아, 어머니와 대...",어머니의 영향으로 황석정은 서울대학교 국악과에 진학했고 오빠와 동생 역시 음악을 했다. 그러나 황석정에게 어머니는 오랫동안 어렵고 불편한 존재이기도 했다. 그는 항상 화가 많았던 어머니가 무섭고 싫었다며...,2026-08-31 21:00,https://www.tenasia.co.kr/article/2026083013684,https://m.entertain.naver.com/article/312/0000774111
서울대학교,뉴스1,서울대 차기총장 후보 유홍림 등 12명 확정…부총장 대행 체제로,제 29대 서울대 총장 선거 후보대상자가 유홍림 현 총장을 포함한 교수 12명으로 확정됐다. 유 총장의 연임 도전이 확정되면서 서울대는 다음날(1일)부터 교육부총장 대행 체제로 운영된다. 서울대는 31일 총장추천위원회...,2026-08-31 20:21,https://www.news1.kr/society/general-society/6275346,https://n.news.naver.com/mnews/article/421/0009142494?sid=102
서울대학교,서울경제,서울대 총장선거 본격화…유홍림 현 총장 등 12명 후보 확정,서울대학교 차기 총장 선거에 유홍림 현 총장을 비롯한 후보 12명이 확정됐다. 서울대는 31일 언론공지를 통해 총장후보대상자에 △장판식 농업생명과학대학 교수 △이재영 인문대학 교수 △이준호 자연과학대학 교수...,2026-08-31 20:19,https://www.sedaily.com/article/20085496?ref=naver,https://n.news.naver.com/mnews/article/011/0004657094?sid=102
서울대학교,연합뉴스,본격 막오른 서울대 총장선거…유홍림 현 총장 등 후보 12명 확정,내달 9일 예비후보 4명 압축…정책평가 거쳐 최종 3인 이사회로 서울대학교 차기 총장 선거의 본격적인 막이 올랐다. 유홍림 현 총장을 포함해 후보 대상자 12명이 확정됐다. 서울대학교는 31일 언론 공지를 통해 제29대...,2026-08-31 20:09,https://www.yna.co.kr/view/AKR20260831174000004?input=1195m,https://n.news.naver.com/mnews/article/001/0016281191?sid=102
서울대학교,뉴시스,서울대 29대 총장 후보 12명 확정…유홍림 연임 도전,서울대학교 제29대 총장 선거에 유홍림 현 총장을 포함한 교수 12명이 후보로 확정됐다. 서울대는 31일 제29대 총장후보대상자 12명을 확정했다고 밝혔다. 후보는 접수 순으로 ▲장판식 농업생명과학대학 교수 ▲이재영...,2026-08-31 20:00,https://www.newsis.com/view/NISX20260831_0003770344,https://n.news.naver.com/mnews/article/003/0014159731?sid=102
연세대학교,파이낸셜뉴스,"'AI 시대 핵심은 언어 데이터'… 연세대-상해외대, '말뭉치 연구센터' 맞...","연세대학교 언어정보연구원(원장 조태린)은 중국 상해외국어대학교 언어과학연구원(원장 호개보)과 함께... 지난 6월 조태린 원장과 김한샘 부원장이 상해외대를 방문해 현판식을 연 데 이어, 최근 연세대 문과대학...",2026-08-31 19:27,https://www.fnnews.com/news/202608311925277527,https://n.news.naver.com/mnews/article/014/0005568943?sid=102
연세대학교,메디파나뉴스,연세대학교 의료원 인사(9/1),연세대학교 의료원이 9월 1일자로 교원 보직 인사를 실시했다. ◆ 의료원 ▲ 의과학연구처 연구지원부처장 정경수 ▲ 의과학연구처 기술사업화센터소장 이용호 ◆ 의과대학 ▲ 내과학교실 주임교수 정보영 ▲ 외과학교실...,2026-08-31 19:26,https://www.medipana.com/news/articleView.html?idxno=416816,https://www.medipana.com/news/articleView.html?idxno=416816
고려대학교,경남일보,"인제대·고려대, 동반성장형 상반기 교류회·산학 포럼",차세대AI반도체특성화대학사업단이 지난 27일과 28일 부산 라발스호텔에서 '2026 동반성장형 고려대·인제대 상반기 교류회 및 산학 포럼'을 열고 학생 교류와 산학 협력 기반을 다졌다. 이날 행사에는 두 대학 교직원...,2026-08-31 18:54,https://www.gnnews.co.kr/news/articleView.html?idxno=644357,https://www.gnnews.co.kr/news/articleView.html?idxno=644357
고려대학교,메디컬월드뉴스,"[8월 31일 병원계 이모저모①] 고려대구로병원, 국립암센터, 서울성모병...",◆고려대구로병원 G밸리의료기기개발지원센터 ‘2026 의료기기 기업 현장 간담회’ 개최 고려대학교 구로병원(병원장 민병욱) G밸리의료기기개발지원센터(사업총괄책임자 영상의학과 용환석 교수)가 지난 27일 센터...,2026-08-31 18:30,https://medicalworldnews.co.kr/news/view.php?idx=1510976947,https://medicalworldnews.co.kr/news/view.php?idx=1510976947
연세대학교,AFTERTHERAIN,"너무 어려운 인간관계, 나만의 관계의 그릇을 빚는 법 / 연세대학교 미...",이번 방송에서는 연세대학교 미래교육원 이헌주 교수와 함께 어려운 인간관계를 이해하고 나만의 건강한 관계를 만들어가는 방법에 대해 이야기합니다. 인간관계 때문에 고민하고 있거나 관계에서 적절한 거리와...,2026-08-31 18:26,http://aftertherain.kr/sub/contents/view.php?seq=97818,http://aftertherain.kr/sub/contents/view.php?seq=97818
고려대학교,로이슈,"고려대 구로병원, 의료기기 기업 현장 간담회 개최","고려대학교 구로병원 G밸리의료기기개발지원센터는 지난 27일 센터 세미나실에서 ‘2026 의료기기 기업 현장... 행사에는 박일호 고려대학교 구로병원 이비인후과 교수, 윤수영 고려대학교 구로병원 진단검사의학과 교수...",2026-08-31 18:22,http://www.lawissue.co.kr/view.php?ud=202608311820066750f4ab64559d_12,http://www.lawissue.co.kr/view.php?ud=202608311820066750f4ab64559d_12
서울대학교,아시아투데이,"[대학동문골프최강전] 男한양대·경희대, 女서울대·인하대, 왕좌 놓고...","처음 결승이기 때문에 심리적인 부문에서 준비에 집중할 생각""이라며 자신감을 드러냈다.같은날 오후에 진행된 여자부 4강전에서는 서울대가 연세대학교를 울렸다. 구자영·박혜선 동문이 팀을 이룬 서울대는 2번 홀...",2026-08-31 18:10,https://www.asiatoday.co.kr/kn/view.php?key=20260831010010709,https://www.asiatoday.co.kr/kn/view.php?key=20260831010010709
연세대학교,NEWS2DAY,[오늘의 인사 : 8월 31일] 법무부‧통일부‧보건복지부‧연세대학교 의...,이석호 ■ 연세대학교 의료원 ◇ 의료원 ▷ 의과학연구처 연구지원부처장 정경수 ▷ 의과학연구처... AI융합대학 바이오메디컬공학과장 권태준 ■ 동의대학교 ▷교학부총장 겸 IR본부장 권기철 ▷ 특임부총장 겸...,2026-08-31 17:52,https://www.news2day.co.kr/article/20260831500106,https://www.news2day.co.kr/article/20260831500106
연세대학교,이뉴스투데이,[인사] 연세대학교 의료원,◇ 의료원 ▲ 의과학연구처 연구지원부처장 정경수 ▲ 의과학연구처 기술사업화센터소장 이용호 ◇ 의과대학... 박창욱 ▲ 연세동곡의학교육원 교육평가센터장 이혜원 ▲ 혈관대사연구소장 박형천 ▲ 의학사연구소장...,2026-08-31 17:52,http://www.enewstoday.co.kr/news/articleView.html?idxno=2465006,http://www.enewstoday.co.kr/news/articleView.html?idxno=2465006
고려대학교,BYLINE,국가안보실 사이버안보비서관에 김휘강 고려대학교 교수,"2010년에는 고려대 정보보호대학원 교수로 자리를 옮겼다. 현재 해킹대응기술연구실을 이끌며 데이터 기반 보안과 자동차 보안, 온라인 게임 보안, 무인이동체 보안 등을 연구하고 있다. 머신러닝과 딥러닝을 활용한...",2026-08-31 17:38,https://byline.network/?p=9004111222617410,https://byline.network/?p=9004111222617410
연세대학교,보건뉴스,연세대학교 의료원 인사,연세대학교 의료원이 9월 1일자로 교원 보직 인사를 실시했다. ◆ 의료원 ▲ 의과학연구처 연구지원부처장 정경수 ▲ 의과학연구처 기술사업화센터소장 이용호 ◆ 의과대학 ▲ 내과학교실 주임교수 정보영 ▲ 외과학교실...,2026-08-31 17:32,http://www.bokuennews.com/news/article.html?no=283373,http://www.bokuennews.com/news/article.html?no=283373
연세대학교,DAILY,[인사] 연세대의료원,◇의료원 △의과학연구처 연구지원부처장 정경수 △의과학연구처 기술사업화센터소장 이용호 ◇의과대학... 박창욱 △연세동곡의학교육원 교육평가센터장 이혜원 △혈관대사연구소장 박형천 △의학사연구소장 여인석...,2026-08-31 17:24,https://daily.hankooki.com/news/articleView.html?idxno=1401100,https://daily.hankooki.com/news/articleView.html?idxno=1401100
서울대학교,베리타스알파,서울대 2027정시요강 공개 '주목' 1374명(38.4%).. 일반 20명 지균1명 '확...,서울대가 2027학년 정시모집 요강을 공개하면서 교육계의 관심이 쏠린다. 정시 정원내 모집인원은... 최고학부인 서울대의 경우 최상위권이 지원하는 만큼 합격선이 촘촘하게 형성되기 때문. 특히 정량평가인...,2026-08-31 17:14,https://www.veritas-a.com/news/articleView.html?idxno=625180,https://www.veritas-a.com/news/articleView.html?idxno=625180
서울대학교,아시아투데이,"[포토]제17회 대학동문골프최강전 4강전 여자부 서울대, 숨죽인 결승행...",아시아투데이 박성일 기자 = 31일 경기도 용인 88컨트리클럽에서 열린 NH올원뱅크·아시아투데이 제17회 대학동문골프최강전 4강전 여자부 서울대와 연세대의 경기. 서울대 구자영 선수가 9번홀 세컨샷을 날리고 있다.,2026-08-31 17:00,https://www.asiatoday.co.kr/kn/view.php?key=20260831010010713,https://www.asiatoday.co.kr/kn/view.php?key=20260831010010713
고려대학교,뉴스프리존,"고려대생, 지구 맨틀 광물 생성 실시간 관측...국제학술지 제1저자로 논...","고려대 지구환경과학과 김동훈 교수 연구팀은 극한 충격 환경에서 지구 하부 맨틀의 주요 광물인... 이는 학부생이 세계적인 수준의 대형 연구시설을 활용한 국제 공동연구를 수행해 거둔 성과로, 고려대의...",2026-08-31 16:26,https://www.newsfreezone.co.kr/news/articleView.html?idxno=706647,https://www.newsfreezone.co.kr/news/articleView.html?idxno=706647
서울대학교,아시아투데이,[포토]제17회 대학동문골프최강전 4강전 여자부 서울대 결승 진출,"아시아투데이 박성일 기자 = 31일 경기도 용인 88컨트리클럽에서 열린 NH올원뱅크·아시아투데이 제17회 대학동문골프최강전 4강전 여자부 서울대 구자영, 박혜선 선수가 9번에서 승리를 확정짓고 기쁨을 나누고 있다.",2026-08-31 16:18,https://www.asiatoday.co.kr/kn/view.php?key=20260831010010691,https://www.asiatoday.co.kr/kn/view.php?key=20260831010010691
고려대학교,톱스타뉴스,"웨이브투어스, 12월 고려대 화정체육관서 서울 단독 콘서트 연다",웨이브투어스는 오는 12월 19일과 20일 고려대학교 화정체육관에서 'wave to earth world tour 2026 - the pieces tour... 이번에는 고려대학교 화정체육관으로 장소를 옮겨 규모를 키운 만큼 수용 가능한 관객 수가 늘어났고...,2026-08-31 16:16,https://www.topstarnews.net/news/articleView.html?idxno=16178323,https://www.topstarnews.net/news/articleView.html?idxno=16178323
고려대학교,주간한국,"고려대 KU마음건강연구소, 한국연구재단 글로벌융합연구 선정","이번 연구는 '생애주기별 사회적 고립의 이해와 사회적 연결 회복을 위한 융합연구'를 주제로, 고려대 고령사회연구원·경희대 글로벌류큐·오키나와연구소·일본 무사시노대학교 인간과학연구소 등 국내외 4개 연구소가...",2026-08-31 16:14,https://weekly.hankooki.com/news/articleView.html?idxno=7181554,https://weekly.hankooki.com/news/articleView.html?idxno=7181554
서울대학교,한국경제,"서울대 성악과, 현장형 소프라노 손지혜·이혜정 부교수 임명","이에따라 서울대 성악과 재학생과 졸업생들의 국제콩쿠르 성과도 잇따르고 있다. 석사과정 재학생 박성민(베이스)은 올해 한스 가보르 벨베데레 국제성악콩쿠르에서 우승했으며, 학부생 정강한(테너)은 서울국제음악콩쿠...",2026-08-31 16:09,https://www.hankyung.com/article/202608314056i,https://n.news.naver.com/mnews/article/015/0005326725?sid=103
고려대학교,스마트경제,"""운석 충돌 순간, 땅속 보물이 태어난다""… 고려대, 행성 진화 비밀 풀 ...",무엇보다 세계적인 수준의 방사광 가속기 시설을 활용한 글로벌 공동연구에서 이제 막 대학에 입학한... 고려대학교(총장 김동원)는 김동훈 지구환경과학과 교수 연구팀이 극한의 충격 환경에서 지구 하부 맨틀의 핵심...,2026-08-31 16:04,http://www.dailysmart.co.kr/news/articleView.html?idxno=128951,http://www.dailysmart.co.kr/news/articleView.html?idxno=128951
서울대학교,SMARTBIZN,"""서울대 입시 전문가가 지역 교단에""···강원랜드, 배움숲 개강",서울이나 수도권에서나 만날 법한 강사진이 석탄산업 전환지역 학생들을 위해 교단에 섰다. 강원랜드가... 대한민국 학생부종합전형 설계에 참여한 권오현 서울대 사범대학 명예교수를 비롯해 정윤길 동국대 교수...,2026-08-31 16:00,https://www.smartbizn.com/news/articleView.html?idxno=152600,https://www.smartbizn.com/news/articleView.html?idxno=152600
서울대학교,POLINEWS,"[폴리Shorts] 강원택 서울대 교수, 개헌을 위해서는 타협과 정치 복원이...",강원택 서울대 정치외교학부 교수가 26일 폴리뉴스 창간 26주년 기념식 상생과통일포럼 초청 특강에서 개헌의 필수 요건에 대해 강연했다.,2026-08-31 15:57,https://www.polinews.co.kr/news/articleView.html?idxno=741762,https://www.polinews.co.kr/news/articleView.html?idxno=741762
서울대학교,POLINEWS,"[폴리Shorts] 강원택 서울대 교수, 4년 중임제 개헌은 개선이 아니라 개...",강원택 서울대 정치외교학부 교수가 26일 폴리뉴스 창간 26주년 기념식 상생과통일포럼 초청 특강에서 대통령 4년 중임제 개헌의 문제 대해 강연했다.,2026-08-31 15:55,https://www.polinews.co.kr/news/articleView.html?idxno=741761,https://www.polinews.co.kr/news/articleView.html?idxno=741761
서울대학교,POLINEWS,"[폴리Shorts] 강원택 서울대 교수, 정당 지지에 따라 국가기관 신뢰도 변...",강원택 서울대 정치외교학부 교수가 26일 폴리뉴스 창간 26주년 기념식 상생과통일포럼 초청 특강에서 정당 지지에 따라 달라지는 국가기관 신뢰도의 문제성에 대해 강연했다.,2026-08-31 15:54,https://www.polinews.co.kr/news/articleView.html?idxno=741760,https://www.polinews.co.kr/news/articleView.html?idxno=741760
서울대학교,POLINEWS,[폴리TV][폴리뉴스 창간 26주년 기념식] 강원택 서울대 정치외교학부 교...,"강원택 서울대 정치외교학부 교수가 26일 폴리뉴스 창간 26주년 기념식 상생과통일포럼 초청 특강에서 '대한민국, 정치에서 길을 찾다'라는 주제로 강연했다.",2026-08-31 15:52,https://www.polinews.co.kr/news/articleView.html?idxno=741759,https://www.polinews.co.kr/news/articleView.html?idxno=741759
서울대학교,베리타스알파,[단독] 지난해 서울대 자퇴 315명 '의대원복으로 3년만 감소'.. '2027지역...,지난해 서울대 자퇴생 규모가 2026의대원복으로 3년 만에 하락으로 전환됐다. 대학알리미 8월 정보 공시 '중도탈락 학생 현황'에 따르면 지난해 서울대 중도탈락 375명 이 가운데 자퇴는 315명으로 확인됐다. 전년...,2026-08-31 15:46,https://www.veritas-a.com/news/articleView.html?idxno=625345,https://www.veritas-a.com/news/articleView.html?idxno=625345
연세대학교,서울경제TV,[인사] 연세대 의료원,◇ 의료원 ▲ 의과학연구처 연구지원부처장 정경수 ▲ 의과학연구처 기술사업화센터소장 이용호 ◇ 의과대학... 박창욱 ▲ 연세동곡의학교육원 교육평가센터장 이혜원 ▲ 혈관대사연구소장 박형천 ▲ 의학사연구소장...,2026-08-31 15:44,https://www.sentv.co.kr/article/view/sentv202608310162,https://www.sentv.co.kr/article/view/sentv202608310162
고려대학교,KFENEWS,"고려대 KU마음건강연구소, '고립 회복' 100억원 규모 연구 주도","고려대 KU마음건강연구소(최기홍 교수)를 중심으로 고려대 고령사회연구원(윤석준 교수), 경희대 글로벌류큐·오키나와연구소(손지연 교수), 일본 무사시노대학교 인간과학연구소(노나카 슌스케 교수) 등 4개 기관이...",2026-08-31 15:36,https://www.kfenews.co.kr/news/articleView.html?idxno=663487,https://www.kfenews.co.kr/news/articleView.html?idxno=663487
서울대학교,HERALDMUSE,"여에스더, ‘서울대 의대’ 前 연인과 파혼 고백에..♥홍혜걸 “다행이...","의사 여에스더가 남편 홍혜걸과 결혼하기 전, 전 연인과 파혼하게 된 이유를 밝혔다. 지난 28일 유튜브 채널 ‘여에스더의 에스더TV’에는 “인간극장, 내 아내의 여름휴가 ep.2”라는 제목의 영상이 게재됐다. 공개된 영상...",2026-08-31 15:33,https://www.heraldmuse.com/article/10857640?ref=naver,https://m.entertain.naver.com/article/112/0003805971
고려대학교,한국강사신문,"고려대학교, 인문사회 집단연구 6개 과제 선정…AI 시대 사회문제 해법...","고려대 고령사회연구원과 경희대 글로벌류큐·오키나와연구소, 일본 무사시노대학교 인간과학연구소가 함께 참여해 '생애주기별 사회적 고립의 이해와 사회적 연결 회복을 위한 융합연구'를 수행한다. 연구 기간은...",2026-08-31 15:30,https://www.lecturernews.com/news/articleView.html?idxno=209625,https://www.lecturernews.com/news/articleView.html?idxno=209625
고려대학교,뉴스티앤티,"고려대 연구팀, 지구 하부 맨틀 광물 '데이브마오이트' 형성 과정 실시...","연구에는 고려대를 비롯해 미국 카네기연구소, 일본 도호쿠대학교·오사카대학교·일본 고휘도광과학연구센터(JASRI), 전남대학교, 광주과학기술원(GIST), 부산대학교, 포항가속기연구소(PAL) 등의 연구진이 참여했다....",2026-08-31 15:12,https://www.newstnt.com/news/articleView.html?idxno=715873,https://www.newstnt.com/news/articleView.html?idxno=715873
연세대학교,NBNTV,"두호코퍼레이션, 크리에이터 황금누룽지와 연세대의료원에 기부금 전달",| 내외경제TV=주현웅 기자 | 크리에이터 '황금누룽지'가 소아청소년 난치병 환아 치료를 위해 연세대학교 의료원에 1000만원을 전달했다. 해당 기부금은 두호코퍼레이션 자체 쇼핑몰인 'DH SHOP'에서 유통한 '황금누룽지...,2026-08-31 15:06,https://www.nbntv.co.kr/news/articleView.html?idxno=4024394,https://www.nbntv.co.kr/news/articleView.html?idxno=4024394
서울대학교,NAMDONEWS,"소상공인 대상 서울대 문정훈 교수 초청 특강, 조기 마감 '성황'","강연은 서울대학교 농경제사회학부 문정훈 교수가 맡았다. 문 교수는 식품·외식 소비 빅데이터를 토대로 덮밥류·국밥류·일식면·파스타 등 최근 주목받는 메뉴 흐름과 연령대별 선호도, 혼밥 소비 패턴, 육류 메뉴의...",2026-08-31 15:04,https://www.namdonews.com/news/articleView.html?idxno=921755,https://www.namdonews.com/news/articleView.html?idxno=921755
고려대학교,신아일보,"안산단원경찰서·고대안산병원, 탈북민 70여명 무료 건강검진",31일 안산단원경찰서에 따르면 고려대학교 안산병원과 함께 지난 29일 안산시청 대회의실에서 북한이탈주민... 이번 검진에는 고려대 안산병원 의료사회사업팀과 안산단원경찰서 안보계 직원들이 참여했다. 검진 과정에서...,2026-08-31 14:56,https://www.shinailbo.co.kr/news/articleView.html?idxno=5056783,https://www.shinailbo.co.kr/news/articleView.html?idxno=5056783
연세대학교,뉴시스,[인사]연세대학교 의료원,◇의료원 ▲ 의과학연구처 연구지원부처장 정경수 ▲ 의과학연구처 기술사업화센터소장 이용호 ◇의과대학... 박창욱 ▲ 연세동곡의학교육원 교육평가센터장 이혜원 ▲ 혈관대사연구소장 박형천 ▲ 의학사연구소장...,2026-08-31 14:39,https://www.newsis.com/view/NISX20260831_0003769723,https://n.news.naver.com/mnews/article/003/0014158923?sid=102
고려대학교,한국대학신문,"고려대 학부생, 세계적 학술지에 제1저자 논문 게재","고려대를 중심으로 미국 카네기연구소(Carnegie Institution for Science), 일본 도호쿠대학교(Tohoku University), 오사카대학교(Osaka University), 일본 고휘도광과학연구센터(Japan Synchrotron Radiation Research Institute, JASRI)...",2026-08-31 14:28,https://news.unn.net/news/articleView.html?idxno=596673,https://news.unn.net/news/articleView.html?idxno=596673
연세대학교,디지털투데이,"연세대, 9월 14일 'AI와 유희하는 인간: 이세돌과 연세대 교수의 대화' ...",연세대학교 AI혁신연구원 AI거버넌스·안보센터와 AI휴머니티센터는 9월 14일 오후 4시 연세·삼성학술정보관 Y-밸리(Y-Valley)에서 이세돌 울산과학기술원(UNIST) 특임교수를 초청해 특별대담 'AI와 유희하는 인간...,2026-08-31 14:22,https://www.digitaltoday.co.kr/news/articleView.html?idxno=696848,https://www.digitaltoday.co.kr/news/articleView.html?idxno=696848
서울대학교,세계비즈,"지에스엘텍, 서울대 바이오벤처 ㈜베리타스바이오테라퓨틱스와 의료기...",사진=지에스엘텍 프리미엄 뷰티·웰니스 솔루션 기업 지에스엘텍(GSLTECH)이 서울대학교 바이오벤처... 사진=지에스엘텍 지에스엘텍 김유신 대표는 “서울대 바이오벤처 연구진과의 협력으로 확보한 신뢰도 높은 기술력을...,2026-08-31 14:22,http://www.segyebiz.com/newsView/20260831511062?OutUrl=naver,http://www.segyebiz.com/newsView/20260831511062?OutUrl=naver
연세대학교,메디컬월드뉴스,[인사]연세대학교의료원 의과학연구처 연구지원부처장 정경수 외,연세대학교 의료원이 9월 1일자로 교원 보직 인사를 실시했다. ◆ 의료원 ▲ 의과학연구처 연구지원부처장 정경수 ▲ 의과학연구처 기술사업화센터소장 이용호 ◆ 의과대학 ▲내과학교실 주임교수 정보영 ▲ 외과학교실...,2026-08-31 14:20,https://medicalworldnews.co.kr/news/view.php?idx=1510976932,https://medicalworldnews.co.kr/news/view.php?idx=1510976932
고려대학교,서울경제TV,"고려대 구로병원 GMSC, ‘2026 의료기기 기업 현장 간담회’ 성료","고려대학교 구로병원 G밸리의료기기개발지원센터는 지난 27일 ‘2026 의료기기 기업 현장 간담회’를... 이날 행사에는 용환석 사업총괄책임자를 비롯해 박일호 고려대학교 구로병원 이비인후과 교수, 윤수영...",2026-08-31 14:10,https://www.sentv.co.kr/article/view/sentv202608310069,https://www.sentv.co.kr/article/view/sentv202608310069
고려대학교,메디컬월드뉴스,"[8월 인물주요동정]건국대, 고려대안암, 분당서울대, 양산부산대병원 등...","◆고려대 안암병원 박진우 교수, 국제신경근육질환학회 우수포스터상 수상 및 초청강연 고려대학교 안암병원 신경과 박진우, 김병조 교수 연구팀이 지난 7월 7일부터 11일까지 이탈리아 피렌체에서 열린 제19회...",2026-08-31 14:10,https://medicalworldnews.co.kr/news/view.php?idx=1510976923,https://medicalworldnews.co.kr/news/view.php?idx=1510976923
고려대학교,CNB저널,"고려대 학부생, '네이처 커뮤니케이션즈' 제1저자 논문…하부 맨틀 광물...","한편 27일 고려대학교 AI중심대학사업단은 경기창조경제혁신센터와 SW·AI 분야 산학연 협력체계 구축을 위한 업무협약을 체결했다. 양 기관은 AI 인재 양성과 현장실습, 문제해결형 프로그램 운영을 비롯해 대학...",2026-08-31 13:58,https://www.cnbizm.com/news/articleView.html?idxno=313262,https://www.cnbizm.com/news/articleView.html?idxno=313262
고려대학교,뉴시스,"고려대, 100억원 규모 '글로벌 인문사회 융합연구' 사업 선정",고려대 KU마음건강연구소가 주관기관으로 이끄는 컨소시엄에는 ▲고려대 고령사회연구원(윤석준 교수) ▲경희대 글로벌류큐·오키나와연구소(손지연 교수) ▲일본 무사시노대학교 인간과학연구소(노나카 슌스케 교수)가...,2026-08-31 13:56,https://www.newsis.com/view/NISX20260831_0003769573,https://n.news.naver.com/mnews/article/003/0014158791?sid=102
고려대학교,이데일리,"고려대 “학부생, 세계적 학술지에 논문 게재”","고려대 지구환경과학과 학부생이 저명 국제학술지에 논문을 게재했다. 왼쪽부터 교신저자를 맡은 고려대 지구환경과학과 김동훈 교수, 제1 저자인 이무진 학생(사진=고려대) 고려대는 고려대 지구환경과학과 학부...",2026-08-31 13:55,https://www.edaily.co.kr/News/Read?newsId=03188166645552896&mediaCodeNo=257&utm_source=naver&utm_medium=referral&utm_campaign=news_syndication&utm_content=original_article,https://n.news.naver.com/mnews/article/018/0006360938?sid=102
고려대학교,팝콘뉴스,"고려대 연구팀, 지구 하부 맨틀 광물 생성 과정 실시간 관측 성공","이번 연구는  고려대학교를 중심으로 미국 카네기연구소(Carnegie Institution for Science), 일본 도호쿠대학교(Tohoku University), 오사카대학교(Osaka University), 일본 고휘도광과학연구센터(Japan Synchrotron Radiation Research...",2026-08-31 13:50,http://www.popcornnews.net/news/articleView.html?idxno=131306,http://www.popcornnews.net/news/articleView.html?idxno=131306
고려대학교,에듀동아,"고려대 학부생, 세계적 학술지에 제1저자 논문 게재…지구 하부 맨틀 광...","고려대학교를 중심으로 미국 카네기연구소(Carnegie Institution for Science), 일본 도호쿠대학교(Tohoku University), 오사카대학교(Osaka University), 일본 고휘도광과학연구센터(Japan Synchrotron Radiation Research Institute, JASRI)...",2026-08-31 13:44,https://edu.donga.com/news/articleView.html?idxno=111435,https://edu.donga.com/news/articleView.html?idxno=111435
고려대학교,베리타스알파,고려대 극한충격 속 지구맨틀 광물 형성과정 첫 관측.. '학부생 이무진...,"고려대 지구환경과학과 김동훈 교수팀이 극한 충격 환경에서 지구 하부맨틀 주요 광물인... 이번 연구는 과학기술정보통신부와 한국연구재단, 고려대의 지원을 받아 수행됐으며, 고려대를 중심으로 미국...",2026-08-31 13:40,https://www.veritas-a.com/news/articleView.html?idxno=625332,https://www.veritas-a.com/news/articleView.html?idxno=625332
연세대학교,메디칼트리뷴,연세대의료원,"박창욱, 연세동곡의학교육원 교육평가센터장 이혜원, 혈관대사연구소장 박형천, 의학사연구소장 여인석... [보건대학원] 글로벌보건학과 주임교수 한휘종, 건강증진경영학과 주임교수 김태현, 글로벌보건학과...",2026-08-31 13:34,http://www.medical-tribune.co.kr/news/articleView.html?idxno=214984,http://www.medical-tribune.co.kr/news/articleView.html?idxno=214984
연세대학교,뉴시스,"고우리, 연세대 과잠 입고 ""현실은 임산부""","고우리가 연세대학교 학과 재킷을 입은 모습을 공개했다. 고우리는 30일 소셜미디어에 ""오랜만에 과 잠바. 진짜 26학번이 되고 싶다. 현실은 임산부""라는 글과 함께 사진 여러 장을 올렸다. 사진에는 고우리가 연세대학교...",2026-08-31 13:18,https://www.newsis.com/view/NISX20260831_0003769377,https://m.entertain.naver.com/article/003/0014158653
연세대학교,에듀동아,"연세대 언어정보연구원, 중국 상해외대 언어과학연구원과 '말뭉치 공동...","연세대학교(총장 윤동섭) 언어정보연구원(원장 조태린)은 지난 8월 21일(금) 연세대 위당관 문과대학 100주년 기념홀에서 중국 상해외국어대학교 언어과학연구원(Institute of Language Sciences, 원장 호개보(HU Kaibao))과...",2026-08-31 12:56,https://edu.donga.com/news/articleView.html?idxno=111419,https://edu.donga.com/news/articleView.html?idxno=111419
고려대학교,에듀동아,"고려대 KU마음건강연구소, 글로벌인문사회융합연구지원사업 선정…5년간...","고려대 KU마음건강연구소(최기홍 교수)가 주관기관으로 고려대 고령사회연구원(윤석준 교수), 경희대 글로벌류큐·오키나와연구소(손지연 교수), 일본 무사시노대학교 인간과학연구소(노나카 슌스케 교수) 국내외 4개...",2026-08-31 12:54,https://edu.donga.com/news/articleView.html?idxno=111417,https://edu.donga.com/news/articleView.html?idxno=111417
연세대학교,에듀동아,"연세대 AI혁신연구원, 이세돌 9단과 AI 시대 인간을 논하다",4시 연세·삼성학술정보관 Y-Valley에서 이세돌 울산과학기술원(UNIST) 특임교수를 초청해 특별대담 「AI와 유희하는 인간: 이세돌과 연세대 교수의 대화」를 개최한다. 2016년 알파고와 이세돌 9단의 대국 이후 10년이...,2026-08-31 12:50,https://edu.donga.com/news/articleView.html?idxno=111415,https://edu.donga.com/news/articleView.html?idxno=111415
고려대학교,베리타스알파,고려대 KU마음건강연구소 인문사회융합연구지원사업 선정.. '5년간 100억...,"고려대 KU마음건강연구소(최기홍 교수)가 주관기관을 맡아 고려대 고령사회연구원(윤석준 교수), 경희대 글로벌류큐/오키나와연구소(손지연 교수), 일본 무사시노대학교 인간과학연구소(노나카 슌스케 교수) 등 국내외 4개...",2026-08-31 12:26,https://www.veritas-a.com/news/articleView.html?idxno=625273,https://www.veritas-a.com/news/articleView.html?idxno=625273
고려대학교,데일리메디,"﻿고려대 의대, 고대 총장 무관 서러움 풀까",고려대학교는 1905년 개교해 1971년 우석학원과 고려중앙학원 병합으로 의과대학이 출범했다. 하지만 지금까지 의과대학 출신 총장은 전무했다. 고대의료원 산하 안암‧구로‧안산병원 모두 상급종합병원 반열에 올랐고...,2026-08-31 12:10,https://www.dailymedi.com/news/news_view.php?wr_id=939961,https://www.dailymedi.com/news/news_view.php?wr_id=939961
고려대학교,메트로신문,"고려대 KU마음건강연구소, 교육부 연구사업 선정…100억원 지원","컨소시엄에는 주관기관인 고려대 KU마음건강연구소를 비롯해 고려대 고령사회연구원, 경희대 글로벌류큐·오키나와연구소, 일본 무사시노대학교 인간과학연구소 등 국내외 4개 연구소가 참여한다. 연구는 9월 1일부터...",2026-08-31 11:48,http://www.metroseoul.co.kr/article/20260831500223,http://www.metroseoul.co.kr/article/20260831500223
고려대학교,뉴스티앤티,"고려대, '사회적 고립' 생애주기별 융합연구 선정…5년간 100억원 지원","고려대 KU마음건강연구소를 주관기관으로 고려대 고령사회연구원, 경희대 글로벌류큐·오키나와연구소, 일본 무사시노대학교 인간과학연구소 등 국내외 4개 연구소가 컨소시엄을 구성해 공동 연구에 나선다. 연구팀은...",2026-08-31 11:38,https://www.newstnt.com/news/articleView.html?idxno=715828,https://www.newstnt.com/news/articleView.html?idxno=715828
고려대학교,뉴스프리존,"고려대 KU마음건강연구소, 글로벌인문사회융합연구지원사업 선정","고려대  KU마음건강연구소가 주관하는 컨소시엄이 지난 28일, 교육부 산하 한국연구재단이 추진하는... 고려대는 '생애주기별 사회적 고립의 이해와 사회적 연결 회복을 위한 융합연구'를 주제로 '연구소지원형-컨소시엄형...",2026-08-31 11:32,https://www.newsfreezone.co.kr/news/articleView.html?idxno=706529,https://www.newsfreezone.co.kr/news/articleView.html?idxno=706529
서울대학교,여성소비자신문,통신업계 '에이닷 로그' 출시·서울대-KAIST와 AI 공동연구·집단에너지...,KT는 서울대학교ㆍKAIST와 1년간 진행한 인공지능(AI) 공동연구를 마무리하고 성과를 공유했으며... KT는 '서울대-KT-KAIST 산학 공동연구 최종 성과 워크숍'을 개최했다. KT는 서울대와 함께 자율형 AI 에이전트가 사용자의...,2026-08-31 11:32,http://www.wsobi.com/news/articleView.html?idxno=317271,http://www.wsobi.com/news/articleView.html?idxno=317271
서울대학교,프라임경제,"다가올아이앤씨-아리스타네트웍스, 서울대 차세대 네트워크망 구축","함께 서울대학교의 대규모 학내 통신망 혁신에 나선다. 다가올아이앤씨는 아리스타네트웍스의 고성능 스위칭 솔루션·SDN 플랫폼 기반, 주사업자인 삼성SDS와 협력을 진행한다. 이어 '서울대학교 지능형 캠퍼스를...",2026-08-31 11:30,http://www.newsprime.co.kr/news/article.html?no=745741,http://www.newsprime.co.kr/news/article.html?no=745741
연세대학교,NEWSGN,"거창아시아영화제, 연세대학교와 영화인 교류확대","한다""며 ""연세대학교 연세예술원과의 지속적인 교류를 통해 젊은 창작자와 영화인들이 새로운 기회를 만날 수 있는 네트워크를 만들어가겠다""고 말했다. 이어 ""거창에서 출발한 영화제가 국내 대학과 영화인, 영화 관련...",2026-08-31 11:14,https://www.newsgn.com/news/articleView.html?idxno=570566,https://www.newsgn.com/news/articleView.html?idxno=570566
연세대학교,신아일보,"연세대 FCEO 여성위원회, 따뜻한 한 끼 나눔으로 봉사활동 펼쳐",연세대 프랜차이즈 최고경영자과과정 (FCEO) 총동문회 여성위원회가 프란치스꼬의 집에서 급식 봉사활동을... 연세대 프랜차이즈 최고경영자과정(YFCEO)는 지난 2002년 1기를 시작으로 오는 9월 48기 신입원우를 모집...,2026-08-31 11:10,https://www.shinailbo.co.kr/news/articleView.html?idxno=5056496,https://www.shinailbo.co.kr/news/articleView.html?idxno=5056496
서울대학교,한국대학신문,"서울대 글로벌사회공헌단, 하계 우즈베키스탄 SNU공헌단 with ㈜영원무역...",서울대 단원들은 현지 협력 대학인 사마르칸트 국립외국어대학교와 우즈베키스탄-핀란드 사범대학 학생들과 사전 온라인 협업을 통해 프로그램을 공동 기획하였다. 사마르칸트 내 공립 유치원을 방문해 한국의 개정...,2026-08-31 11:00,https://news.unn.net/news/articleView.html?idxno=596641,https://news.unn.net/news/articleView.html?idxno=596641
고려대학교,팝콘뉴스,"고려대 KU마음건강硏, '글로벌인문사회융합연구지원사업' 선정…5년간 ...","고려대 KU마음건강연구소(최기홍 교수)가 주관기관으로 고려대 고령사회연구원(윤석준 교수), 경희대 글로벌류큐·오키나와연구소(손지연 교수), 일본 무사시노대학교 인간과학연구소(노나카 슌스케 교수) 국내외 4개...",2026-08-31 10:58,http://www.popcornnews.net/news/articleView.html?idxno=131274,http://www.popcornnews.net/news/articleView.html?idxno=131274
고려대학교,파이낸셜뉴스,"고려대, '사회적 고립' 전 생애주기 연구에 100억원 지원받는다",고려대가 청소년부터 노년층까지 생애주기별 '사회적 고립'의 원인과 회복 과정을 분석하고 예방·개입... 고려대는 KU마음건강연구소가 주관하는 컨소시엄이 교육부 산하 한국연구재단의...,2026-08-31 10:28,https://www.fnnews.com/news/202608311025470196,https://n.news.naver.com/mnews/article/014/0005568518?sid=102
고려대학교,스마트경제,"""외로운 AI 시대, 혼자 우는 한국인 구한다""… 고려대, 100억원 들여 '고...","이번 연구를 위해 주관기관인 고려대 KU마음건강연구소(최기홍 교수)를 필두로 고려대 고령사회연구원(윤석준 교수), 경희대 글로벌류큐·오키나와연구소(손지연 교수), 일본 무사시노대학교 인간과학연구소(노나카 슌스케...",2026-08-31 10:22,http://www.dailysmart.co.kr/news/articleView.html?idxno=128912,http://www.dailysmart.co.kr/news/articleView.html?idxno=128912
연세대학교,YTN,"[단독] 경찰, '연대 복면남' 추적 난항...1,000시간 분량 CCTV 분석","경찰이 서울 연세대학교 캠퍼스 부근에서 벌거벗은 채 복면만 쓰고 학생들을 잇달아 성추행한 남성을... 서울 서대문경찰서는 성추행 용의자를 특정하기 위해 연세대학교 인근 산책로와 안산 일대의 1,000시간이 넘는 CCTV...",2026-08-31 10:11,https://www.ytn.co.kr/_ln/0103_202608311011460196,https://n.news.naver.com/mnews/article/052/0002400493?sid=102
고려대학교,K-HEALTH,"경기 서남부 중증질환 거점병원으로 '우뚝'…고려대안산병원, 로봇수술...",이 가운데 고려대안산병원이 최근 로봇수술 누적 5000례를 달성하며 경기 서남부지역 중증질환... 고려대안산병원은 2015년 로봇수술기 '다빈치 S'를 도입하며 경기 서남부지역에 로봇수술 기반을 마련했다. 이후 2018년...,2026-08-31 10:06,https://www.k-health.com/news/articleView.html?idxno=100878,https://www.k-health.com/news/articleView.html?idxno=100878
고려대학교,데일리메디,"﻿고대구로병원, 의료기기 기업 현장 간담회","﻿ 고려대학교 구로병원 G밸리의료기기개발지원센터(총괄책임자 용환석, 영상의학과)는 최근 센터 세미나실에서 ‘2026 의료기기 기업 현장 간담회’를 개최했다. 이번 간담회는 G밸리의료기기개발지원센터 지원기업...",2026-08-31 09:46,https://www.dailymedi.com/news/news_view.php?wr_id=939963,https://www.dailymedi.com/news/news_view.php?wr_id=939963
고려대학교,SPORTALKOREA,"키움, 9월 2일 SSG전 '고려대학교 DAY' 진행",키움 히어로즈가는 9월 2일 오후 6시 30분 서울 고척스카이돔에서 열리는 SSG 랜더스와 홈 경기서 '고려대학교 DAY' 행사를 진행한다. 이날 고려대학교 DAY를 맞아 고려대학교 총학생회 이지민 중앙비상대책위원장이 시구를...,2026-08-31 09:41,https://www.sportalkorea.com/news/articleView.html?idxno=2025052909553498789,https://m.sports.naver.com/kbaseball/article/139/0002252473
서울대학교,파이낸셜포스트,"KT-서울대-카이스트, 공동연구 성과 가시화…미래 성장 동력 확보","KT가 서울대학교, 카이스트(KAIST) 연구진과 함께 '서울대-KT-KAIST 산학 공동연구 최종 성과 워크숍'을 서울 서초구 KT우면연구센터에서 개최했다고 30일 밝혔다. 워크숍에 참석한 50여 명 연구진은 지난 1년간 함께...",2026-08-31 09:38,https://www.financialpost.co.kr/news/articleView.html?idxno=272635,https://www.financialpost.co.kr/news/articleView.html?idxno=272635
고려대학교,KOREADAILY,"연고전 골프대회, 고려대 2년 연속 우승",,2026-08-31 09:36,https://www.koreadaily.com/article/20260830173509714,https://www.koreadaily.com/article/20260830173509714
연세대학교,매일경제,권성주 연세대 미래교육원 GTK&J 책임교수 “한·일 상호 이해력 높이면...,그래서 2016년도에 모교 연세대학교에 제안해 만들었던 것이 GTK의 시작이었습니다. Q. GTK가 11년째 운영되고 있다고 들었습니다. A. 새로운 대학 프로그램을 만들어 운영한다는 게 쉬운 일이 아닙니다. 특히 꼼꼼한 일본...,2026-08-31 09:29,https://www.mk.co.kr/article/12140095,https://n.news.naver.com/mnews/article/009/0005727911?sid=004
서울대학교,화이트페이퍼,"KT, 우리은행 AI 상담 재구축…서울대·KAIST와 기술 경쟁력도 강화","30일 업계에 따르면, KT는 서울 서초구 KT우면연구센터에서 '서울대-KT-KAIST 산학 공동연구 최종 성과 워크숍'을 열고 최근 1년간 진행한 연구 결과를 공유했다. KT는 서울대와 자율형 에이전트를 위한 맥락 이해와 추론...",2026-08-31 09:22,http://www.whitepaper.co.kr/news/articleView.html?idxno=266151,http://www.whitepaper.co.kr/news/articleView.html?idxno=266151
서울대학교,ENETNEWS,오수향 소장·남성현 서울대 교수·임창환 한양대 교수 등 강연···서대...,"서울 서대문구는 오는 9월 15일부터 10월 1일까지 민주시민역량강화 특강 '공-존(ZONE)의 기술'을 운영한다.... 강연에는 임창환 한양대학교 교수, 김만권 경희대학교 교수, 윤지로 작가, 남성현 서울대학교 교수, 오수향...",2026-08-31 09:04,https://www.enetnews.co.kr/news/articleView.html?idxno=53867,https://www.enetnews.co.kr/news/articleView.html?idxno=53867
서울대학교,뉴스드림,"KT, 서울대·KAIST 연구진과 '차세대 AI 핵심 기술' 내재화 착수","KT는 서울대학교 및 KAIST 연구진과 함께 서울 서초구 KT우면연구센터에서 '서울대-KT-KAIST 산학 공동연구 최종 성과 워크숍'을 열었다고 30일 밝혔다. 이번 워크숍에는 KT와 서울대, KAIST 소속 연구진 50여 명이 참석해...",2026-08-31 09:00,http://www.newsdream.kr/news/articleView.html?idxno=117100,http://www.newsdream.kr/news/articleView.html?idxno=117100
고려대학교,한국강사신문,"고려대학교 김진호 교수팀, ""청소년기 우울, 성인 이후 조기 사망 위험...",텍사스-오스틴 대학교 손혜원 사회학과 박사과정(공동저자) [사진출처=고려대학교] 청소년기에 경험한 우울... 연구 결과 청소년기에 우울 증상이 심했던 사람은 개인적 특성과 가정환경 등 다른 요인을 고려한 뒤에도...,2026-08-31 08:26,https://www.lecturernews.com/news/articleView.html?idxno=209624,https://www.lecturernews.com/news/articleView.html?idxno=209624
연세대학교,더벨,"[더벨]연세대, 세 번째 AC 확보…미래캠퍼스 벤처투자 시동",연세대학교가 세 번째 액셀러레이터(AC)를 확보했다. 올해 원주 미래캠퍼스를 기반으로 미래기술지주회사를... 기술지주회사로서는 미래캠퍼스와 원주의과대학의 교원·학생 창업기업을 중심으로 기술사업화와 투자를...,2026-08-31 07:02,https://www.thebell.co.kr/free/content/ArticleView.asp?key=202608271422576200103221,https://www.thebell.co.kr/free/content/ArticleView.asp?key=202608271422576200103221
서울대학교,영남일보,[박종문의 캠퍼스 오디세이] 서울대 10개는 어디로 갔나,"이재명 정부의 대표적인 고등교육정책인 '서울대 10개 만들기'라는 이름은 남아 있지만, 정부가 내놓은 실행안을 들여다보면 당초 공약과 정책의 강조점이 적지 않게 달라졌다. 지역 거점국립대를 서울대에 버금가는...",2026-08-31 06:02,https://www.yeongnam.com/web/view.php?key=20260830023195134,https://www.yeongnam.com/web/view.php?key=20260830023195134
고려대학교,스타뉴스,"키움 히어로즈, 9월 2일 고척 홈 경기서 '고려대학교 DAY' 진행",키움 히어로즈가 내달 2일 오후 6시 30분 고척스카이돔에서 열리는 SSG 랜더스와 경기에서 '고려대학교 DAY' 행사를 진행한다. 이날 고려대학교 DAY를 맞아 고려대학교 총학생회 이지민 중앙비상대책위원장이 시구를...,2026-08-31 03:00,https://www.starnewskorea.com/sports/2026/08/31/2026083022350538745,https://m.sports.naver.com/kbaseball/article/108/0003466541
연세대학교,강원일보,연세대 원주세브란스기독병원 환자용 모바일 앱 서비스,"연세대 원주세브란스기독병원이 이달부터 환자들의 병원 이용 편의성을 높이기 위한 환자용 모바일 앱 서비스를 시작했다. 이번 모바일 앱은 ‘병원을 손안에서, 더 쉽고 빠르게’를 목표로 환자들이 병원을 이용하는...",2026-08-31 00:09,https://www.kwnews.co.kr/article/20260828500145,https://n.news.naver.com/mnews/article/087/0001214413?sid=102
서울대학교,APNEWS,"KT, 서울대·카이스트와 공동연구 결실…AI 사업 경쟁력으로 잇는다","KT(대표이사 박윤영)는 서울 서초구 KT우면연구센터에서 '서울대-KT-KAIST 산학 공동연구 최종 성과 워크숍'을 개최했다고 30일 밝혔다. 행사에는 KT와 서울대, KAIST 연구진 약 50명이 참석해 최근 1년간 진행한 공동연구...",2026-08-30 23:18,https://www.apnews.kr/news/articleView.html?idxno=3050835,https://www.apnews.kr/news/articleView.html?idxno=3050835
고려대학교,이뉴스투데이,"고려대, '2026년 인문사회 분야 학술지원 집단연구' 6개 과제 선정","먼저, KU마음건강연구소(소장 최기홍)가 주관하는 컨소시엄(고려대 고령사회연구원, 경희대 글로벌류큐·오키나와연구소, 일본 무사시노대학교 인간과학연구소 총 4개 기관)은 글로벌인문사회융합연구(컨소시엄형)...",2026-08-30 20:51,http://www.enewstoday.co.kr/news/articleView.html?idxno=2464374,http://www.enewstoday.co.kr/news/articleView.html?idxno=2464374
연세대학교,점프볼,‘볼 없는 움직임 숙제’ 연세대 장혁준 “몇 분 뛰든 소중하게 여기겠...,"연세대는 지난 3년 동안 대학농구리그 44경기를 치르면서 7패를 당했는데 올해 대학농구리그 15경기에서 7패를 기록 중이다. 내년이 더 걱정이다. 이채형과 이주영, 이해솔, 홍상민이 졸업한다. 3학년은 김승우 한...",2026-08-30 19:21,https://m.sports.naver.com/basketball/article/065/0000301134,https://m.sports.naver.com/basketball/article/065/0000301134
고려대학교,스포츠서울,"프로야구단과 명문대가 만난다! 키움, 내달 2일 SSG전서 ‘고려대학교 ...",키움이 ‘고려대학교 DAY’를 개최한다. 키움은 “내달 2일 서울 고척스카이돔에서 열리는 2026 KBO리그 정규시즌 SSG전에서 ‘고려대학교 DAY’를 진행한다”고 30일 밝혔다. 시구와 시타는 고려대학교 총학생회 이지민...,2026-08-30 18:59,https://www.sportsseoul.com/news/read/1631796?ref=naver,https://m.sports.naver.com/kbaseball/article/468/0001262985
고려대학교,국민일보,“병원 가고 싶어도 갈 수 없었는데”…태국인 이주민 찾아간 고대구로...,고려대학교구로병원(고대구로병원) 기독교수회·기독신우회와 희년의료공제회가 마련한 의료봉사 현장이다. 내과와 산부인과 의사 등 의료진과 봉사자 40여명이 참여했다. 새생명태국인교회 교인과 비기독교인을 포함한...,2026-08-30 18:49,https://www.kmib.co.kr/article/view.asp?arcid=9000007414&cp=nv,https://n.news.naver.com/mnews/article/005/0001869781?sid=103
연세대학교,뉴시스,"""연예인인 줄""…'쇼트트랙 스타' 이유빈, 연세대 졸업","관문인 대학 졸업 소식을 전하며 눈부신 미모의 근황을 공개했다. 지난 29일 이유빈은 자신의 소셜네트워크서비스(SNS) 계정을 통해 ""굿바이, 연세""라는 문구와 함께 연세대학교 졸업식 현장에서 찍은 여러 장의 사진을...",2026-08-30 18:33,https://www.newsis.com/view/NISX20260830_0003768184,https://m.sports.naver.com/general/article/003/0014157228
서울대학교,매일경제,"[단독] 서울대, AI 탐지기 사용 중단… ""부정행위 잡으려다 교육 놓쳐""","안돼"" 서울대가 인공지능(AI) 활용 여부를 확인하기 위해 학내 구성원에게 제공해온 AI 탐지 서비스를 최근... 30일 매일경제 취재에 따르면 서울대는 AI 탐지 서비스 'GPT킬러'와의 제휴 계약을 지난달 1일 종료했다....",2026-08-30 17:46,https://www.mk.co.kr/article/12139925,https://n.news.naver.com/mnews/article/009/0005727788?sid=102
연세대학교,톱스타뉴스,"고우리, 연세대 캠퍼스서 과잠 근황…예비맘의 밝은 미소","그는 연세대학교 로고가 들어간 과잠 재킷을 입은 채 카메라를 향해 미소를 지었고, ""편 오늘 채널에서... 고우리는 최근 '오페라캠퍼스', '연세대학교', '디아츠' 등을 언급하며 관련 채널 콘텐츠 촬영에 참여하는 모습을...",2026-08-30 17:16,https://www.topstarnews.net/news/articleView.html?idxno=16177461,https://www.topstarnews.net/news/articleView.html?idxno=16177461
고려대학교,한국경제,"고려대학교, 학교추천전형에 학생부 성적 90% 반영",고려대(입학처장 정환·사진)가 2027학년도 수시모집에서 전년보다 28명 늘어난 2731명의 신입생을 선발한다.... 면접은 제시문을 기반으로 7분간 진행하며 의과대학은 다중미니면접(MMI)을 실시한다. 계열적합전형에는...,2026-08-30 16:36,https://www.hankyung.com/article/2026083014081,https://n.news.naver.com/mnews/article/015/0005326355?sid=102
서울대학교,미디어파인,"KT, 서울대·KAIST와 AI 공동연구 성과 공개…에이전틱 AI 협력 확대",KT가 서울대학교와 한국과학기술원(KAIST) 연구진과 진행해온 인공지능(AI) 공동연구 성과를 공유하고 차세대 AI 기술 경쟁력 확보를 위한 산학 협력을 한층 강화한다. KT는 KT우면연구센터에서 서울대·KAIST 연구진이...,2026-08-30 15:30,https://www.mediafine.co.kr/news/articleView.html?idxno=88413,https://www.mediafine.co.kr/news/articleView.html?idxno=88413
서울대학교,핀포인트뉴스,"KT, 서울대·KAIST와 맞손...AI 공동연구 성과 공개","KT는 서울 서초구 KT우면연구센터에서 '서울대-KT-KAIST 산학 공동연구 최종 성과 워크숍'을 개최했다고 30일 밝혔다. 행사에는 KT와 서울대, KAIST 연구진 50여명이 참석해 최근 1년간 진행한 공동연구 성과와 활용...",2026-08-30 15:18,https://www.pinpointnews.co.kr/news/articleView.html?idxno=481850,https://www.pinpointnews.co.kr/news/articleView.html?idxno=481850
고려대학교,마이데일리,"키움, 2일 SSG전서 ‘고려대학교 DAY’ 진행","키움 히어로즈는 2일 18시 30분 고척스카이돔에서 열리는 SSG랜더스와의 경기에서 ‘고려대학교 DAY’ 행사를 진행한다. 키움은 30일 ""이날 고려대학교 DAY를 맞아 고려대학교 총학생회 이지민 중앙비상대책위원장이...",2026-08-30 14:34,https://www.mydaily.co.kr/page/view/2026083014332094309,https://m.sports.naver.com/kbaseball/article/117/0004099795
서울대학교,TECHNOA,"아이브릭스, 서울대학교 학사정보서비스 고도화 완료","아이브릭스는 서울대 스누지니 고도화에 앞서 상명대학교 학사지원서비스 사업을 완료했으며, 현재 경북대학교 학사지원서비스 구축도 진행 중이다. 회사는 대학별 학사제도와 교육 환경을 반영해 축적한...",2026-08-30 14:34,http://www.technoa.co.kr/news/articleView.html?idxno=101327,http://www.technoa.co.kr/news/articleView.html?idxno=101327
서울대학교,서울경제,"KT, 서울대·KAIST와 ‘AI 공동연구 성과 워크숍’ 개최","KT가 서울대, 한국과학기술원(KAIST) 연구진과 함께 ‘서울대-KT-KAIST 산학 공동연구 최종 성과 워크숍’을 서울 서초구 KT우면연구센터에서 개최했다고 30일 밝혔다. 이번 워크숍에 참석한 KT·서울대학교·KAIST의 총...",2026-08-30 14:30,https://www.sedaily.com/article/20084875?ref=naver,https://n.news.naver.com/mnews/article/011/0004656570?sid=105
서울대학교,LCNEWS,"KT·서울대·KAIST, AI 산학 공동연구 성과 공유…에이전틱 AI 협력 확대","KT는 30일 서울 서초구 KT우면연구센터에서 서울대학교, KAIST와 '서울대-KT-KAIST 산학 공동연구 최종 성과 워크숍'을 개최했다고 밝혔다. 워크숍에는 3개 기관 연구진 약 50명이 참석해 최근 1년간 진행한 공동연구...",2026-08-30 14:08,https://www.lcnews.co.kr/news/articleView.html?idxno=207388,https://www.lcnews.co.kr/news/articleView.html?idxno=207388
연세대학교,인사이트,"""여배우인 줄 알았다""... 쇼트트랙 이유빈이 연세대 졸업식서 공개한 근...","올림픽 금메달리스트 출신 쇼트트랙 선수 이유빈이 대학 졸업 소식을 알리며 새로운 출발을 알렸다. 이유빈은 지난 29일 자신의 SNS에 ""굿바이, 연세""라는 짧은 메시지와 함께 연세대학교 졸업식 현장 사진을...",2026-08-30 11:04,https://www.insight.co.kr/news/570897,https://www.insight.co.kr/news/570897
연세대학교,한국강사신문,"연세대학교 신용 교수팀, 소변 속 암 신호 동시에 분석하는 miRNA 다중 정...","연세대 생명공학과 신용 교수, 김명규 박사후연구원 [사진출처=연세대학교] 연세대학교 생명공학과 신용 교수 연구팀이 소변에 존재하는 암 관련 마이크로RNA(miRNA)를 별도의 증폭 과정 없이 여러 종류 동시에...",2026-08-30 08:16,https://www.lecturernews.com/news/articleView.html?idxno=209587,https://www.lecturernews.com/news/articleView.html?idxno=209587
연세대학교,한국강사신문,"연세대학교 이지현 교수팀, 조선 왕실 의궤 색채 연구로 국제 학술지 표...","연세대 통합디자인학과 이지현 교수, 신미라 박사 [사진출처=연세대학교] 연세대학교 통합디자인학과 이지현 교수 연구팀이 조선 왕실 의궤에 나타난 의례복 색채를 데이터 기반으로 분석한 연구로 국제 학술지...",2026-08-30 08:06,https://www.lecturernews.com/news/articleView.html?idxno=209586,https://www.lecturernews.com/news/articleView.html?idxno=209586
고려대학교,한국강사신문,"고려대학교 양경식·유혁 교수팀, AI 학습 '헛된 선점' 현상 규명…GPU 낭...",고려대학교 정보대학 컴퓨터학과 양경식·유혁 교수 연구팀은 대규모 GPU 클러스터에서 발생하는 헛된... 연구팀은 이 문제를 해결하기 위해 작업의 실행 준비 상태와 선점 가능성을 함께 고려해 GPU 작업을...,2026-08-30 06:56,https://www.lecturernews.com/news/articleView.html?idxno=209623,https://www.lecturernews.com/news/articleView.html?idxno=209623
고려대학교,중앙일보,"라이벌 너머 우정이었네…고려대 총장, 파란 학위복 입은 이유",‘라이벌’ 대학 관계로 알려져 있다. 연세대와 고려대가 상대 학교 총장에게 명예박사학위를 수여하는... 이는 평소 대학 교육에서 철학과 윤리를 강조해 온 김 총장의 대학 운영 방침 등이 반영된 결과인 것으로...,2026-08-30 06:00,https://www.joongang.co.kr/article/25457310,https://n.news.naver.com/mnews/article/025/0003547657?sid=102
연세대학교,엑스포츠뉴스,"""여배우인가?""…'올림픽 金' 쇼트트랙 아이돌, 연세대 졸업했다→학사모...","'쇼트트랙 아이돌'로 불리는 올림픽 금메달리스트 이유빈이 대학 졸업 사진을 올리며 근황을 전했다. 이유빈은 29일 자신의 사회관계망서비스(SNS)를 통해 ""굿바이, 연세""라며 연세대학교 졸업식에 참석한 모습을...",2026-08-30 00:35,https://www.xportsnews.com/article/2189702,https://m.sports.naver.com/general/article/311/0002051133
연세대학교,점프볼,"체력 보강 후 수비와 움직임 좋아진 연세대, 남은 숙제는 슛 성공률","더구나 연세대는 1학기 동안 대학농구리그에서 가장 많은 15경기를 치렀다. 2학기에서는 5경기를 소화한다. 그 중 9월에는 명지대(4일), 한양대(8일), 건국대(17일), 상명대(22일)와 차례로 맞붙는다. 한양대만 원정 경기다....",2026-08-29 21:21,https://m.sports.naver.com/basketball/article/065/0000301118,https://m.sports.naver.com/basketball/article/065/0000301118
연세대학교,한국강사신문,"연세대학교 이영욱 교수팀, '우주 가속 팽창' 옹호 반박 논문서 핵심 오...","연세대 천문우주학과·은하진화연구센터 이영욱 교수, 박승현 박사, 정철 연구교수, 조혜전 연구교수, 임동욱... 연구팀은 두 명의 노벨상 수상자가 참여한 영국 사우샘프턴대학교 연구팀의 반박 논문을 재검토한 결과...",2026-08-29 20:46,https://www.lecturernews.com/news/articleView.html?idxno=209585,https://www.lecturernews.com/news/articleView.html?idxno=209585
고려대학교,한국강사신문,"고려대학교 이승우 교수, 태양전지 효율 저하 원인 진단하는 새로운 분...","고려대학교 KU-KIST융합대학원 및 융합에너지공학과 이승우 교수는 서로 다른 태양전지를 동일한 기준에서 비교하고, 효율 저하 요인을 단계적으로 찾아낼 수 있는 새로운 진단 체계를 제안했다. 태양전지 두 개가 모두 20...",2026-08-29 20:24,https://www.lecturernews.com/news/articleView.html?idxno=209622,https://www.lecturernews.com/news/articleView.html?idxno=209622
연세대학교,한국강사신문,"연세대학교, 2026년 8월 학위수여식 개최…3,823명 졸업","이어 ""어디에서 어떤 일을 하든 연세에서 배운 가치와 정신을 기억하고, 여러분의 삶이 또 다른 누군가에게... 연세대는 졸업생들이 대학에서 쌓은 지식과 가치, 공동체 정신을 바탕으로 사회에 긍정적인 변화를...",2026-08-29 20:20,https://www.lecturernews.com/news/articleView.html?idxno=209588,https://www.lecturernews.com/news/articleView.html?idxno=209588
연세대학교,한국강사신문,"연세대학교 국제하계대학 인턴십 성료…세계 대학생 80명, 한국 산업 현...","올해 프로그램에는 전 세계 대학생 약 80명이 참여해 연세대에서 학업을 이어가는 동시에 국내 기업과 연구기관에서 실무 경험을 쌓았다. YISS는 매년 세계 70여 개국에서 2,000명 이상의 학생이 참여하는...",2026-08-29 18:26,https://www.lecturernews.com/news/articleView.html?idxno=209582,https://www.lecturernews.com/news/articleView.html?idxno=209582
연세대학교,동아사이언스,"""우주 가속팽창 맞다"" 노벨상 수상자 재반박…연세대 연구팀 재·재반박",기존 이론에 반박한 연세대 연구팀의 논문을 당시 노벨상 수상자가 참여한 영국 연구팀이 재반박한 데 이어 연세대 연구팀이 약 두 달 만에 다시 반박 논문을 발표했다. 연세대는 이영욱 천문우주학과 교수팀이 우주...,2026-08-29 18:01,https://www.dongascience.com/news/view/79626,https://n.news.naver.com/mnews/article/584/0000039100?sid=105
연세대학교,OSEN,"'목동맘' 최희, ""사실 저 나쁜 엄마예요""…연대 출신 극성맘 고백","최희는 “제가 지금은 뷰티, 패션이 메인 카테고리지만 연세대 아동가족학과 공부하고 교육 관심 많은 애둘맘. 그래서 솔직히 진짜 교육 프로그램 제품 제안도 많았는데요”라고 말문을 열었다. 이어 “첫째 시행착오...",2026-08-29 15:30,http://www.osen.co.kr/article/G1112865759,https://m.entertain.naver.com/article/109/0005596940
연세대학교,미디어파인,"연대 의대 박사 과정 황지혜, 미스 인터콘티넨탈 본상 3위",황지혜는 현재 연세대 의과대학 박사과정에서 학업과 연구를 이어가고 있다. 의학이라는 고도의 전문성과 정확성을 요구하는 학문 영역에서 연구자로 경력을 쌓는 동시에 미인대회라는 대중적 무대에 올라 자신의 개성과...,2026-08-29 14:10,https://www.mediafine.co.kr/news/articleView.html?idxno=88320,https://www.mediafine.co.kr/news/articleView.html?idxno=88320
연세대학교,점프볼,‘2학기 5경기 전승 목표’ 최영상 “달라진 연세대 기대해달라”,연세대는 대학농구리그에서 5위다. 상위권 대학을 이길 수 있어야 한다. 최영상은 “요즘 압박 수비를 하면서 내려온다. 체력훈련을 열심히 해서 체력에서는 다른 팀보다 우위에 있다고 생각한다”며 “이를 토대로...,2026-08-29 13:50,https://m.sports.naver.com/basketball/article/065/0000301098,https://m.sports.naver.com/basketball/article/065/0000301098
연세대학교,뉴스엔,"연세대 의대 박사과정 황지혜, 미스 인터콘티넨탈 본상 3위 등극",연세대학교 의과대학 박사과정에 재학 중인 황지혜가 미인대회 본상 3위에 올랐다. '제54회 미스인터콘티넨탈코리아 2026’이 8월 27일 서울 동대문구 JW 메리어트 동대문 스퀘어서울에서 개최된 가운데 황지혜가 본상 3위...,2026-08-29 13:27,https://www.newsen.com/news_view.php?uid=202608291322086310,https://m.entertain.naver.com/article/609/0001162275
연세대학교,한국강사신문,"연세대학교, 오픈AI 글로벌 정책 연구 지원 사업 선정…국내 대학 유일",연세대학교 국가관리연구원이 글로벌 인공지능(AI) 기업 오픈AI의 글로벌 정책 연구 지원 사업에 국내 대학 가운데 유일하게 선정됐다. 연세대학교(총장 윤동섭)는 국가관리연구원(원장 홍순만)이 오픈AI의 '글로벌...,2026-08-29 13:00,https://www.lecturernews.com/news/articleView.html?idxno=209584,https://www.lecturernews.com/news/articleView.html?idxno=209584
연세대학교,CBCI,"연세대 의대 박사과정 황지혜, '2026 미스인터콘티넨탈' 2관왕…'지성과...",연세대학교 의과대학 박사과정에 재학 중인 황지혜가 '제54회 미스인터콘티넨탈코리아 2026'에서 본상 3위와 닥터오 앰버서더상을 동시에 수상하며 2관왕에 올랐다. 지난 27일 서울 동대문구 JW 메리어트 동대문...,2026-08-29 12:46,https://www.cbci.co.kr/news/articleView.html?idxno=602130,https://www.cbci.co.kr/news/articleView.html?idxno=602130
고려대학교,전자신문,"고려대, 교육부 '인문사회 학술지원 집단연구' 6개 과제 선정","KU마음건강연구소가 주관하는 컨소시엄인 고려대 고령사회연구원, 경희대 글로벌류큐·오키나와연구소, 일본 무사시노대학교 인간과학연구소 총 4개 기관은 글로벌인문사회융합연구(컨소시엄형) 사업에 선정됐다....",2026-08-29 11:01,https://www.etnews.com/20260829000012,https://n.news.naver.com/mnews/article/030/0003461449?sid=102
연세대학교,점프볼,‘트랜지션이 장점’ 연세대 1학년 김상현 “팀 활력소 되고 싶다”,연세대는 9월 4일 명지대와 홈 경기로 대학농구리그를 재개한다. 김상현은 “2학기 때는 좀 더 책임감있게 팀에 보탬이 되고 싶다”며 “개인적인 장점은 수비에서 공격으로 넘어가는 트랜지션이다. 무리를 하지...,2026-08-29 10:28,https://m.sports.naver.com/basketball/article/065/0000301095,https://m.sports.naver.com/basketball/article/065/0000301095
연세대학교,한국강사신문,"연세대학교 인구와 인재 연구원·아모레퍼시픽, '청소년 내면의 아름다...",기부금 전달식 [사진출처=연세대학교] 연세대학교 인구와 인재 연구원(원장 김현철)이 아모레퍼시픽(회장... 이번 협력은 기업의 사회공헌 활동과 대학의 연구 역량을 결합해 청소년의 건강한 성장과 사회 변화에...,2026-08-29 10:00,https://www.lecturernews.com/news/articleView.html?idxno=209583,https://www.lecturernews.com/news/articleView.html?idxno=209583
고려대학교,한국강사신문,"고려대학교 세종캠퍼스 이규도 교수팀, 미세액적 수분 제어로 아밀로이...",고려대학교 세종캠퍼스]  고려대학교 세종캠퍼스 생명정보공학과 이규도 교수 연구팀이 연세대학교... 이번 연구에는 고려대 생명정보공학과 정다연·노석범 대학원생과 한국생명공학연구원 성중배 박사가 공동...,2026-08-29 09:52,https://www.lecturernews.com/news/articleView.html?idxno=209591,https://www.lecturernews.com/news/articleView.html?idxno=209591
연세대학교,한국강사신문,"연세대학교 김지현 교수팀, 구강 미생물로 위암·대장암 판별 모델 개발",보건대학원 지선하 교수 [사진출처=연세대학교] 연세대학교 시스템생물학과 김지현 교수팀이 구강... 연세대에 따르면 김지현 교수(마이크로바이옴연구원장·연세 이윤재 펠로우) 연구팀은 구강에서 위장관에 이르는...,2026-08-29 09:22,https://www.lecturernews.com/news/articleView.html?idxno=209581,https://www.lecturernews.com/news/articleView.html?idxno=209581
고려대학교,뉴스프리존,"한양대·고려대, 신개념 나노 광소자 구현...노이즈 캔슬링처럼 빛을 지...",한양대 자연과학대학 물리학과 박문집 교수 연구팀은 고려대 공수현 교수 연구팀과 공동연구를 통해 나노 격자 두 장을 비틀어 쌓는 방식으로 빛의 진행을 억제해 한곳에 가두는 '플랫밴드(Flat band)' 광소자를...,2026-08-29 06:00,https://www.newsfreezone.co.kr/news/articleView.html?idxno=706248,https://www.newsfreezone.co.kr/news/articleView.html?idxno=706248
연세대학교,톱스타뉴스,"설민석, 논문 표절 논란→학위 취소 후 재입학 3년 만 연세대 졸업…""많...",이후 연세대 대학원위원회 심의를 통해 석사 학위가 공식 취소됐고 2022년 9월 연세대 교육대학원 역사 교육 전공 신입생으로 다시 입학했다. 재입학 후 3년 만에 설민석은 학업을 완수했다. 1970년생인 설민석은 수능...,2026-08-29 00:14,https://www.topstarnews.net/news/articleView.html?idxno=16176565,https://www.topstarnews.net/news/articleView.html?idxno=16176565
연세대학교,스포티비뉴스,"'논문 표절·학위취소' 설민석, 연대 대학원 재입학→졸업 인증 ""많은 걸...","한편 설민석은 지난 2020년 연세대 교육대학원 석사 논문 '한국 근현대사 교과서 서술에 나타난 이념 논쟁연구'를 쓰면서 약 40여명의 논문을 표절했다는 의혹을 받았다. 당시 설민석은 공개 사과를 한 뒤, 모든 방송에서...",2026-08-28 19:31,https://www.spotvnews.co.kr/news/articleView.html?idxno=1004558,https://m.entertain.naver.com/article/477/0000625570
고려대학교,NGONEWS,"""AI 인재가 기업 현장으로""…경기혁신센터·고려대, 산학협력 새판 짠다","경기혁신센터가 보육기업과 창업기업 등을 대상으로 인공지능 전환(AX) 수요를 발굴하면, 고려대 AI중심대학사업단은 이를 학과 수업이나 산학 프로젝트와 연계한다. 교수와 학생으로 구성된 팀은 기업이 제시한 문제를...",2026-08-28 19:12,https://www.ngonews.kr/news/articleView.html?idxno=236660,https://www.ngonews.kr/news/articleView.html?idxno=236660
연세대학교,아시아투데이,"[대학동문골프최강전] 막판 2홀 뒤집은 한양대, 연장 끝에 연세대 꺾고...",아시아투데이 천현빈 기자 = 한양대학교가 막판 두 홀에서 극적인 반전을 만들어낸 뒤 연장전까지 가는 접전 끝에 연세대학교를 꺾고 NH올원뱅크·아시아투데이 제17회 대학동문골프최강전 남자부 4강에 진출했다....,2026-08-28 18:46,https://www.asiatoday.co.kr/kn/view.php?key=20260828010009978,https://www.asiatoday.co.kr/kn/view.php?key=20260828010009978
연세대학교,아시아투데이,"[포토]대학동문골프최강전 8강전 연세대-한양대, 갑자기 비가 내려요!",아시아투데이 박성일 기자 = 28일 경기도 용인 88컨트리클럽에서 열린 NH올원뱅크·아시아투데이 제17회 대학동문골프최강전 8강전 남자부 연세대와 한양대의 경기에서 갑자기 비가 많이 내리자 우산을 쓰고 잰걸음을...,2026-08-28 18:04,https://www.asiatoday.co.kr/kn/view.php?key=20260828010009970,https://www.asiatoday.co.kr/kn/view.php?key=20260828010009970
연세대학교,아시아투데이,"[포토]대학동문골프최강전 8강전, 거리 재고 있는 연세대 선수들","아시아투데이 박성일 기자 = 28일 경기도 용인 88컨트리클럽에서 열린 NH올원뱅크·아시아투데이 제17회 대학동문골프최강전 8강전 남자부 연세대와 한양대의 경기에서 연세대 박상수, 성연재 선수가 3번홀 세컨샷을...",2026-08-28 18:04,https://www.asiatoday.co.kr/kn/view.php?key=20260828010009971,https://www.asiatoday.co.kr/kn/view.php?key=20260828010009971
연세대학교,점프볼,"‘연세대와 연습경기서 숙제 확인’ LG, 자유투 정확도 높여라",창원 LG는 28일 창원체육관 LG전용훈련장에서 열린 연세대와 연습경기에서 87-53으로 이겼다. 허벅지가 좋지... LG는 연세대와 연습경기를 통해 아쉬운 점을 하나씩 확인하고 있다. LG는 29일에도 연세대와 한 번 더...,2026-08-28 17:50,https://m.sports.naver.com/basketball/article/065/0000301083,https://m.sports.naver.com/basketball/article/065/0000301083
연세대학교,에듀동아,연세대학교 2026년 8월 학위수여식 개최,"연세대학교(총장 윤동섭)는 8월 28일(금) 오전 10시, 노천극장에서 '2026년 8월 학위수여식'을 개최했다. 이번... 하든 연세에서 배운 가치와 정신을 기억하고, 여러분의 삶이 또 다른 누군가에게 기회와 희망이 되기를...",2026-08-28 17:24,https://edu.donga.com/news/articleView.html?idxno=111374,https://edu.donga.com/news/articleView.html?idxno=111374
연세대학교,중앙일보,"연세대, ‘8월 학위수여식’ 개최…석·박사 등 3823명 졸업",연세대학교가 8월 28일 오전 교내 노천극장에서 ‘2026년 8월 학위수여식’을 개최했다. 이번... 않는다”며 “연세에서 배운 가치와 정신을 기억하고 여러분의 삶이 또 다른 누군가에게 기회와 희망이 되기를 바란다”...,2026-08-28 17:20,https://www.joongang.co.kr/article/25457120,https://n.news.naver.com/mnews/article/025/0003547544?sid=102
연세대학교,HIDOC,"스마트폰으로 뇌에 약물·빛 전달… KAIST·연세대, '뇌 임플란트' 개발","KAIST 전기 및 전자공학부 정재웅 교수 연구팀은 연세대학교 의과대학 김화영 교수팀과 공동으로 IoT(사물인터넷) 기술을 접목한 무선 뇌 신경조절 장치 'RAPIDO'를 개발하고, 자유롭게 움직이는 쥐를 대상으로 한...",2026-08-28 17:02,https://news.hidoc.co.kr/news/articleView.html?idxno=66747,https://news.hidoc.co.kr/news/articleView.html?idxno=66747
연세대학교,베리타스알파,[2027수시특집] 연세대(미래) 1187명(79%) '확대'.. '신설' 강원인재 지역...,연세대(미래캠)은 2027수시에서 강원인재(지역의사)전형을 신설해 의예과 11명을 선발한다. '복무형... 지원자는 대학 면접장에 출석하지만 면접위원과 직접 대면하지 않고 답변을 녹화하는 방식이다.  의예과는 현장...,2026-08-28 16:50,https://www.veritas-a.com/news/articleView.html?idxno=621677,https://www.veritas-a.com/news/articleView.html?idxno=621677
연세대학교,중앙일보,"JW성형외과 원장 부부, 연세대 아프리카연구원에 1억 기부","전달식에는 최 원장 부부와 윤동섭 연세대 총장, 김용호 행정·대외부총장, 임종백 대외협력처장, 방연상 아프리카연구원장, 이삼열 부원장 등이 참석했다. 반기문 아프리카연구원 명예원장과 김정석 연합신학대학원...",2026-08-28 16:50,https://www.joongang.co.kr/article/25457112,https://n.news.naver.com/mnews/article/025/0003547536?sid=102
연세대학교,법률신문,"이화여대 로스쿨팀, '노란봉투법 모의법정 경연대회' 국회의장상","서울지방변호사회, 전국민주노동조합총연맹, 한국노동조합총연맹, 연세대 법무대학원, 시민단체 손잡고가 공동 주최한 이번 대회에는 32개 팀 96명이 참가했다. 지난 7월 예선을 거쳐 8개 팀이 본선에 진출했으며, 8월 22일...",2026-08-28 16:34,https://www.lawtimes.co.kr/news/articleView.html?idxno=225540,https://www.lawtimes.co.kr/news/articleView.html?idxno=225540
고려대학교,TODAYENERGY,"경기혁신센터, 고려대와 스타트업 AI 난제 해결 나선다","고려대 AI중심대학사업단은 SW·AI 전문 교육 역량과 학생 인재풀을 투입해 실무연계·문제해결형 프로그램과 산학 프로젝트 운영을 맡는다. 김원경 경기혁신센터 대표이사는 ""이번 협약을 통해 중소기업과 스타트업이...",2026-08-28 15:46,https://www.todayenergy.kr/news/articleView.html?idxno=302139,https://www.todayenergy.kr/news/articleView.html?idxno=302139
고려대학교,뉴스1,"고려대, 인문사회 학술지원 신규 과제 6개 선정…189억원 규모","고려대 고령사회연구원, 경희대 글로벌 류큐·오키나와연구소, 일본 무사시노대학교 인간과학연구소 등 4개 기관이 참여해 '생애주기별 사회적 고립의 이해와 사회적 연결 회복을 위한 융합연구'를 5년간 총 100억원...",2026-08-28 15:35,https://www.news1.kr/society/education/6272794,https://n.news.naver.com/mnews/article/421/0009138438?sid=102
고려대학교,DOCTORSTIMES,"""서울로 가던 환자 발길 돌렸다""···고대 안산병원 로봇수술 5000례 경...","서울은 물론 전국의 환자들이 역으로 찾아오는 지역 거점 첨단 의료의 중심, 그 한가운데에 고려대 안산병원 로봇수술센터가 있다. 고려대 안산병원(원장 서동훈)이 최근 로봇수술 누적 5000례라는 대기록을 달성했다....",2026-08-28 15:30,http://www.doctorstimes.com/news/articleView.html?idxno=239722,http://www.doctorstimes.com/news/articleView.html?idxno=239722
연세대학교,보건뉴스,"연세대 의대 하종원 교수, 美 메이요 클리닉 심장영상 그랜드 라운드 선...",연세대학교 의과대학 하종원 교수(심장내과)가 다음달 9일 미국 미네소타주 로체스터 메이요 클리닉(Mayo Clinic)의 초청으로 '심장영상 그랜드 라운드(Cardiac Imaging Grand Round)'에서 강연을 진행한다. 강연은...,2026-08-28 15:18,http://www.bokuennews.com/news/article.html?no=283272,http://www.bokuennews.com/news/article.html?no=283272
연세대학교,파이낸셜포스트,"연세대 연구진, 요로결석·요관 협착 치료 신기원...요관 스텐트 '자가 ...","연세대학교 강남세브란스병원 비뇨의학과와 같은 대학 전기전자공학과 연구팀이 공동 연구작업을 통해 요관 스텐트의 획기적 발전 방안을 찾아냈다. 요관 스텐트는 요로결석 수술이나 요관 협착, 종양 등으로 소변...",2026-08-28 15:10,https://www.financialpost.co.kr/news/articleView.html?idxno=272608,https://www.financialpost.co.kr/news/articleView.html?idxno=272608
고려대학교,한국대학신문,"[2027 수시 미니인터뷰/고려대학교] 정환 입학처장 ""2027학년도 수시 273...","정환 고려대 입학처장.  ""고려대학교는 2027학년도 수시모집에서 전년 대비 28명 늘어난 2731명의 신입생을... 면접은 제시문 기반으로 7분간 진행되며(의과대학은 MMI 실시), 수능최저학력기준은 적용하지 않는다....",2026-08-28 15:06,https://news.unn.net/news/articleView.html?idxno=596343,https://news.unn.net/news/articleView.html?idxno=596343
연세대학교,서울신문,"연세대, 2026년 8월 학위수여식 개최… 3823명 졸업","연세대학교가 28일 서울 연세대 노천극장에서 ‘2026년 8월 학위수여식’을 개최했다고 밝혔다.... 않는다”며 “연세에서 배운 가치와 정신을 기억하고, 여러분의 삶이 누군가에게 기회와 희망이 되길 바란다”고...",2026-08-28 15:00,https://www.seoul.co.kr/news/society/2026/08/28/20260828500191?wlog_tag3=naver,https://n.news.naver.com/mnews/article/081/0003674547?sid=102
고려대학교,교수신문,"[고려대] 세계대학 평가 12위 역대 최고…수시, 전년 대비 28명 늘어난 ...","THE 세계대학 영향력 평가는 유엔(UN) 지속가능발전목표(SDGs) 이행 성과를 바탕으로 전 세계 대학의 교육, 연구, 사회 기여 활동을 측정하는 지표로, 올해는 1,603개 대학이 평가에 참여했다. 고려대는 이 평가의 세부...",2026-08-28 14:14,https://www.kyosu.net/news/articleView.html?idxno=209461,https://www.kyosu.net/news/articleView.html?idxno=209461
고려대학교,중앙일보,"“청소년기 우울, 50세 이전 사망 위험 높인다”…고려대, 분석 결과 공...",고려대학교 보건정책관리학부 김진호 교수 연구팀은 미국 청소년 패널조사 ‘Add Health’ 참여자... 연구를 주도한 김진호 고려대 교수는 “우울증이 있다고 모두 자살로 이어진다는 것은 잘못된 상식”이라며...,2026-08-28 14:11,https://www.joongang.co.kr/article/25457057,https://n.news.naver.com/mnews/article/025/0003547486?sid=102
고려대학교,뉴스티앤티,"고려대, 인문사회 학술지원 집단연구 6개 과제 선정…189억원 확보","특히 국내외 대학 및 연구기관과 공동연구를 추진하는 대형 과제가 다수 포함됐다. 가장 규모가 큰 과제는... 고려대 고령사회연구원과 경희대 글로벌류큐·오키나와연구소, 일본 무사시노대학교 인간과학연구소가...",2026-08-28 14:04,https://www.newstnt.com/news/articleView.html?idxno=715649,https://www.newstnt.com/news/articleView.html?idxno=715649
고려대학교,VENTURESQUARE,스타트업 AX 과제를 대학 수업으로…경기혁신센터·고려대 AI 산학협력,경기창조경제혁신센터와 고려대학교는 기업의 AX 현장과제를 대학 교과과정으로 가져와 교수·학생 연구팀이 해결방안을 만드는 산학협력 모델을 추진한다. 경기창조경제혁신센터는 고려대학교 AI중심대학사업단과 지난...,2026-08-28 14:02,https://www.venturesquare.net/1109316/,https://www.venturesquare.net/1109316/
연세대학교,서울경제TV,"하종원 연세대 의대 교수, 美 메이요 클리닉 심장영상 그랜드 라운드 초...",하종원 연세대 의대 심장내과 교수가 다음 달 9일 미국 미네소타주 로체스터에 위치한 메이요 클리닉(Mayo Clinic)의 초청으로 ‘심장영상 그랜드 라운드’에서 강연을 펼친다. 이번 행사는 메이요 클리닉 게펜...,2026-08-28 13:36,https://www.sentv.co.kr/article/view/sentv202608280076,https://www.sentv.co.kr/article/view/sentv202608280076
연세대학교,이데일리,"연세대 하종원 교수, 메이요 클리닉 심장영상 그랜드 라운드 초청 강연",연세대학교 의과대학 하종원 교수(심장내과)가 다음달 9일 미국 미네소타주 로체스터 메이요 클리닉(Mayo Clinic)의 초청으로 ‘심장영상 그랜드 라운드(Cardiac Imaging Grand Round)’에서 강연을 진행한다. 강연은...,2026-08-28 12:44,https://www.edaily.co.kr/News/Read?newsId=03391526645551912&mediaCodeNo=257&utm_source=naver&utm_medium=referral&utm_campaign=news_syndication&utm_content=original_article,https://n.news.naver.com/mnews/article/018/0006359614?sid=102
고려대학교,아시아경제,"고려대 기술지주, 주요 종합대 최초로 배당 추진",종합대학의 기술지주회사가 배당을 추진하는 것은 이번이 처음이다. 기술지주회사는 대학 교수나 학생... 고려대 기술지주는 2023년부터 지난해까지 3년 연속 TIPS에서 대학기술지주 가운데 가장 많은 기업을...,2026-08-28 12:07,https://view.asiae.co.kr/article/2026082615521352938,https://n.news.naver.com/mnews/article/277/0005808711?sid=102
고려대학교,베리타스알파,고려대 인문사회 학술지원 집단연구군 6개 과제 선정.. '189억원 규모 확...,고려대가 교육부와 한국연구재단이 주관하는 2026년 인문사회 분야 학술지원 집단연구군 신규과제에 6개 과제가 선정됐다. 총 연구비 지원 규모는 189억원이다. 이번 사업에서 고려대는 대형 융합 과제에 다수 선정되며...,2026-08-28 12:04,https://www.veritas-a.com/news/articleView.html?idxno=625061,https://www.veritas-a.com/news/articleView.html?idxno=625061
고려대학교,지디넷코리아,4회 개인정보보호 모의재판 경연...서울대 '개보박두'·고대 '정법사' 대...,"대학(원)생 부문에서는 ‘정법사(고려대)’팀이 영예의 대상을, ‘라바(LAVA)(건국대, 한양대, 성균관대)’팀이... 위원장 왼쪽은 개인정보보호법학회 회장 김도승, 오른쪽은 서울시립대학교 법학전문대학원 부원장 박지원....",2026-08-28 12:01,https://zdnet.co.kr/view/?no=20260828114003,https://n.news.naver.com/mnews/article/092/0002435449?sid=105
연세대학교,BBS NEWS,"개보위, 제4회 개인정보보호 모의재판 경연대회 개최","이번 대회에는 법학전문대학원생과 대학·대학원생 등 모두 54개 팀이 참가해 치열한 경쟁을 벌인 결과 법학전문대학원생 부문에서는 서울대 '개보박두'팀이 대상을, 연세대·부산대 연합 '로스쿨고행길'팀이 최우수상을...",2026-08-28 12:00,https://news.bbsi.co.kr/news/articleView.html?idxno=4103309,https://news.bbsi.co.kr/news/articleView.html?idxno=4103309
고려대학교,연합뉴스,개인정보 모의재판서 서울대 '개보박두'·고려대 '정법사' 대상,개인정보보호위원회는 지난 27일 서울시립대학교 모의법정에서 '제4회 개인정보보호 모의재판 경연대회'를... 최우수발표자상은 서울대 법학전문대학원 1학년 박지연씨와 고려대 2학년 정현우씨에게 돌아갔다.,2026-08-28 12:00,https://www.yna.co.kr/view/AKR20260828059600530?input=1195m,https://n.news.naver.com/mnews/article/001/0016276463?sid=102
고려대학교,아시아투데이,"[대학동문골프최강전]초반 잡은 리드 끝까지 지켰다… 경희대, 고려대 ...",아시아투데이 천현빈 기자 = 경희대학교가 초반부터 주도권을 잡은 뒤 끝까지 리드를 지켜내며 고려대학교를 꺾고 NH올원뱅크·아시아투데이 제17회 대학동문골프최강전 남자부 4강에 진출했다.경희대는 28일 경기도 용인...,2026-08-28 11:58,https://www.asiatoday.co.kr/kn/view.php?key=20260828010009779,https://www.asiatoday.co.kr/kn/view.php?key=20260828010009779
고려대학교,파이낸셜뉴스,"고려대, 교육부 인문사회 집단연구 6개 과제 선정…연구비 189억원","고려대학교가 교육부와 한국연구재단이 주관하는 '2026년 인문사회 분야 학술지원 집단연구군 신규과제... 고려대 고령사회연구원과 경희대 글로벌류큐·오키나와연구소, 일본 무사시노대 인간과학연구소가 참여하며...",2026-08-28 11:28,https://www.fnnews.com/news/202608281125095539,https://n.news.naver.com/mnews/article/014/0005567757?sid=102
고려대학교,아시아투데이,"[포토]제17회 대학동문골프최강전 8강전 경희대-고려대, 경희대의 승리...",아시아투데이 박성일 기자 = 28일 경기도 용인 88컨트리클럽에서 열린 NH올원뱅크·아시아투데이 제17회 대학동문골프최강전 8강전 남자부 경희대와 고려대의 경기에서 1번홀 주영민 선수가 버디 퍼팅을 성공시키고...,2026-08-28 11:26,https://www.asiatoday.co.kr/kn/view.php?key=20260828010009765,https://www.asiatoday.co.kr/kn/view.php?key=20260828010009765
고려대학교,CNB저널,"고려대, 인문사회 학술지원 집단연구 6개 과제 선정…총 189억원 지원","한편, 고려대학교 정보대학 양경식·유혁 교수 연구팀은 지난 25일 AI 학습 과정에서 GPU 자원을 낭비하는 '헛된 선점' 현상을 규명하고, 이를 개선하는 작업 배치 기술 'Lazer'를 개발했다고 밝혔다. 해당 기술을 적용한...",2026-08-28 11:20,https://www.cnbizm.com/news/articleView.html?idxno=313046,https://www.cnbizm.com/news/articleView.html?idxno=313046
고려대학교,스마트경제,'189억원 대박' 터뜨린 고려대… AI·인문사회 융합연구 거점 굳힌다,"앞에서 대학이 나아갈 미래형 연구 모델이 제시돼 학계의 주목을 받고 있다. 고려대학교(총장 김동원)가... 고려대 고령사회연구원, 경희대 글로벌류큐·오키나와연구소, 일본 무사시노대학교 인간과학연구소 등 총 4개...",2026-08-28 11:04,http://www.dailysmart.co.kr/news/articleView.html?idxno=128839,http://www.dailysmart.co.kr/news/articleView.html?idxno=128839
연세대학교,한국경제TV,"하종원 연대 교수, 미국 메이요 클리닉 강연…국내 심장 전문가 최초",하종원 연세대학교 의과대학 교수가 오는 9일 미국 미네소타주 메이요 클리닉 초청으로 '심장영상 그랜드 라운드' 강연을 진행한다. 국내 심장 분야 전문가로는 처음이다. 이번 초청 강연은 세계적인...,2026-08-28 09:54,http://www.wowtv.co.kr/NewsCenter/News/Read?articleId=A202608280366&t=NN,https://n.news.naver.com/mnews/article/215/0001263974?sid=102
연세대학교,한국경제,"하종원 연세대 의대 교수, 美 메이요클리닉 심장영상 그랜드 라운드 강...",연세대 의대는 하종원 심장내과 교수가 다음달 9일 미국 미네소타주 로체스터 메이요클리닉의 심장영상 그랜드 라운드에서 강연한다고 28일 밝혔다. 메이요클리닉이 초청해 성사된 이번 강연에서 하 교수는 국내 심장영상...,2026-08-28 09:30,https://www.hankyung.com/article/202608288630i,https://n.news.naver.com/mnews/article/015/0005325834?sid=105
고려대학교,뉴스프리존,"고려대, '한국양형법학회 창립기념 학술대회' 열어","이주원 한국양형법학회 초대회장 겸 고려대 법학전문대학원 교수가 개회사를 시작으로 최봉경 한국법학교수회장, 이승련 사법정책연구원장을 비롯한 국내 주요 법 관련 학회장·사법 연구기관장들의 축사가 이어질...",2026-08-28 09:04,https://www.newsfreezone.co.kr/news/articleView.html?idxno=706163,https://www.newsfreezone.co.kr/news/articleView.html?idxno=706163
고려대학교,이뉴스투데이,"[고려대 소식] ""청소년기 우울, 30년 내 조기 사망 위험 17.5% 높인다"" 외","본격적인 학술 세션에 앞서 이주원 한국양형법학회 초대회장 겸 고려대 법학전문대학원 교수의 개회사를 시작으로, 최봉경 한국법학교수회장, 이승련 사법정책연구원장을 비롯한 국내 주요 법 관련 학회장 및 사법...",2026-08-28 08:20,http://www.enewstoday.co.kr/news/articleView.html?idxno=2464057,http://www.enewstoday.co.kr/news/articleView.html?idxno=2464057
고려대학교,이뉴스투데이,'고려대 파크골프 최고위과정' 2기 입학식 개최,"고려대 미래교육원 파크골프 최고위과정(KUPG) 사무국은 8월 25일 LG-POSCO경영관 쿠쿠홀에서 '파크골프... 이날 행사는 입학식을 시작으로 오리엔테이션, 환영사 및 축사, 이론 교육, 만찬과 고려대 응원단 문화체험까지...",2026-08-28 08:10,http://www.enewstoday.co.kr/news/articleView.html?idxno=2464058,http://www.enewstoday.co.kr/news/articleView.html?idxno=2464058
고려대학교,데일리메디,중증질환 로봇수술 강자 부상 고대안산병원,"﻿﻿수술방식 패러다임이 로봇으로 급격하게 전환되면서 각 대학병원들 로봇수술 각축전도 치열해지는 양상이다. 시술 건수, 최신장비 도입 등 로봇수술을 시행 중인 병원들 경쟁이 심화되고 있는 가운데 고려대학교...",2026-08-28 06:26,https://www.dailymedi.com/news/news_view.php?wr_id=939894,https://www.dailymedi.com/news/news_view.php?wr_id=939894
고려대학교,후생신보,"서울엔 서울대병원, 안산엔 '고려대 안산병원' 있다","고려대 안산병원 배재현 수술실장과 이창민 로봇수술센터장이 로봇수술 5,000례 달성과 관련 이야기를... 유방내분비외과가 암의 위치 등을 고려해 유두나 피부를 보존하면서 암이 있는 유방조직을 제거하면...",2026-08-28 06:02,http://www.whosaeng.com/sub_read.html?uid=173198&section=sc4,http://www.whosaeng.com/sub_read.html?uid=173198&section=sc4
고려대학교,이투데이,[2027 수시] 고려대 수시 2731명 선발…전년 대비 28명 증가,이투데이=정용욱 기자 | 고려대학교는 2027학년도 수시모집으로 2731명을 선발한다. 전형별로는... 면접은 제시문 기반으로 7분간 진행되며 의과대학은 MMI를 시행한다. 수능최저학력기준은 미적용된다. 고른기회...,2026-08-28 06:00,https://www.etoday.co.kr/news/view/2618921,https://www.etoday.co.kr/news/view/2618921
연세대학교,이투데이,"[2027 수시] 연세대, 2075명 선발…과학 제시문 논술 도입·첨단약과학과...","이투데이=조소현 기자 | 연세대학교가 2027학년도 수시모집에서 정원 내 2075명을 선발한다. 자연·통합계열... 약학대학에는 첨단약과학과를 신설해 수시에서 추천형 4명, 활동우수형 6명 등 총 10명을 선발한다.",2026-08-28 06:00,https://www.etoday.co.kr/news/view/2618931,https://www.etoday.co.kr/news/view/2618931
고려대학교,머니투데이,"고려대, 학종 총 1675명…학교폭력 조치사항 반영",고려대학교는 2027학년도 수시모집에서 전년 대비 28명 늘어난 2731명을 선발한다. 전형별 모집 인원은... 고려대는 입학전형 전반에 학교폭력 조치사항을 반영한다. 서류평가가 포함된 전형은 정성평가 방식으로...,2026-08-28 05:00,https://www.mt.co.kr/policy/2026/08/28/2026082615275995937,https://n.news.naver.com/mnews/article/008/0005405996?sid=102
연세대학교,워크투데이,"미국서 인터넷으로 한국 실험쥐 뇌 조종한다 … KAIST-연세대 의대, IoT ...",KAIST는 전기및전자공학부 정재웅 교수팀이 연세대 의과대학 김화영 교수팀과 손잡고 이 같은 장치를 개발했다고 27일 발표했다. 그동안 동물의 뇌신경을 자극하거나 약물을 넣으려면 복잡한 유선 장비를 써야 하는 경우가...,2026-08-28 02:40,http://www.worktoday.co.kr/news/articleView.html?idxno=88518,http://www.worktoday.co.kr/news/articleView.html?idxno=88518
연세대학교,아시아투데이,"[대학동문골프최강전] 연세대·성균관대·인하대·서울대, 여자부 4강 진...",아시아투데이 이장원 기자 = NH올원뱅크·아시아투데이 제17회 대학동문골프최강전에서 여자부 디펜딩 챔피언 서울대학교가 4강에 진출했다. 연세대학교는 예선을 1위로 통과하며 첫 우승의 희망을 키웠다.지난해...,2026-08-27 22:26,https://www.asiatoday.co.kr/kn/view.php?key=20260827010009643,https://www.asiatoday.co.kr/kn/view.php?key=20260827010009643
연세대학교,아시아투데이,[대학동문골프최강전] 경희대·연세대 1·2위 예선 통과… '8강 대진' 확...,"아시아투데이 천현빈 기자 = 경희대학교가 NH올원뱅크·아시아투데이 제17회 대학동문골프최강전 남자부... 마쳤다.연세대 역시 성연재 동문 70타, 박상수 동문 71타로 합계 141타를 기록하며 경희대와 어깨를 나란히...",2026-08-27 20:52,https://www.asiatoday.co.kr/kn/view.php?key=20260827010009629,https://www.asiatoday.co.kr/kn/view.php?key=20260827010009629
고려대학교,청년의사,"고대구로병원 김현구 교수, 美 의료진에 단일공 로봇 흉부수술 생중계",고려대구로병원 심장혈관흉부외과 김현구 교수가 미국 주요 의료기관 흉부외과 의료진에게 단일공(싱글포트) 로봇 흉부수술을 실시간으로 선보이며 수술 술기와 임상 경험을 공유했다. 고대구로병원은 김 교수가 지난...,2026-08-27 19:46,http://www.docdocdoc.co.kr/news/articleView.html?idxno=3042201,http://www.docdocdoc.co.kr/news/articleView.html?idxno=3042201
고려대학교,디지털타임스,"[대학특집] 고려대, 2027학년도 수시 2731명 선발… 전년보다 28명 늘어",고려대학교가 2027학년도 수시모집에서 전년보다 28명 늘어난 2731명을 선발한다. 학생부종합전형이... 면접은 제시문 기반으로 7분간 진행하며 의과대학은 다중미니면접(MMI)을 실시한다. 고른기회·다문화...,2026-08-27 18:03,https://www.dt.co.kr/article/12080690?ref=naver,https://n.news.naver.com/mnews/article/029/0003044774?sid=102
고려대학교,보건뉴스,"고대구로병원 김현구 교수, 美 흉부외과 의료진 대상 '싱글포트 로봇 흉...","고려대학교 구로병원 심장혈관흉부외과 김현구 교수가 미국 흉부외과 의료진들을 대상으로 싱글포트... 김현구 교수는 최근 클리블렌드 클리닉, 컬럼비아 대학 어빙 메디컬센터 등 세계적인 최정상급 의료기관의...",2026-08-27 17:24,http://www.bokuennews.com/news/article.html?no=283226,http://www.bokuennews.com/news/article.html?no=283226
연세대학교,보건뉴스,"연세대 보건·융합보건의료대학원, 최고위과정 37기 모집",과정은 연세대 보건대학원 권준욱 교수와 연세의료원 바이오헬스기술지주회사 한원선 부사장이 총괄한다. 총 28개 강좌와 부속 행사로 구성하며 ▲패러다임 변화 ▲실제 현장 혁신 ▲거버넌스 ▲응용과 적용 등 4개...,2026-08-27 17:04,http://www.bokuennews.com/news/article.html?no=283217,http://www.bokuennews.com/news/article.html?no=283217
고려대학교,마이데일리,"유키스 알렉산더, '고대 졸업'도 모자라 국가자격증까지…피부미용사 자...","채 대학 학력과 어학 능력 등을 기재해 구직에 나섰다. 이후 여러 곳에서 면접 제안을 받았고, 서울 명동의 한... 유키스 탈퇴 이후에는 2014년 고려대학교 미디어학부에 외국인 전형으로 입학해 한국에서 학업을 이어갔다....",2026-08-27 17:03,https://www.mydaily.co.kr/page/view/2026082716175412322,https://m.entertain.naver.com/article/117/0004098952
연세대학교,중앙일보,"연세대, 소변서 암 신호 동시 측정 기술 개발",연세대학교 생명공학과 연구팀이 소변에서 암 관련 마이크로RNA(miRNA)를 여러 개 동시에 분석할 수 있는 분자진단 기술을 개발했다. DNA로 만든 나노구조체가 특정 miRNA를 만나면 결합 방향이 달라지는 원리를...,2026-08-27 16:58,https://www.joongang.co.kr/article/25456800,https://n.news.naver.com/mnews/article/025/0003547281?sid=105
연세대학교,대전일보,연세대 이어 대전에서도… 대학교서 음란행위 10대 검거,대전의 한 대학교 건물에서 신체를 노출한 10대가 검거됐다. 서부경찰서는 공연음란 혐의로 10대 A 씨를 입건했다고 27일 밝혔다. A 씨는 지난 24일 오후 2시쯤 서구의 한 대학교 캠퍼스에서 학생들을 상대로 음란행위를...,2026-08-27 16:57,https://www.daejonilbo.com/news/articleView.html?idxno=2297145,https://n.news.naver.com/mnews/article/656/0000185191?sid=102
연세대학교,로이슈,"강남세브란스병원·연세대, 자가 재생 윤활 요관 스텐트 개발",연세대 강남세브란스병원 비뇨의학과 구교철 교수와 연세대 전기전자공학과 서정목 교수 연구팀은 세균과 결석 침착을 억제하는 자가 재생 윤활 요관 스텐트 ‘플루이드’를 개발했다고 27일 밝혔다. 이번에 개발된...,2026-08-27 16:46,http://www.lawissue.co.kr/view.php?ud=20260827164219424f4ab64559d_12,http://www.lawissue.co.kr/view.php?ud=20260827164219424f4ab64559d_12
고려대학교,로이슈,"고려대 구로병원 김현구 교수, 미국 의료진에 로봇 흉부수술 생중계",고려대학교 구로병원은 심장혈관흉부외과 김현구 교수가 미국 흉부외과 의료진을 대상으로 싱글포트 로봇... 고려대 구로병원은 2023년 ‘싱글포트 로봇 흉부수술 교육센터’로 지정됐다. 병원에 따르면 지난 3년간...,2026-08-27 16:42,http://www.lawissue.co.kr/view.php?ud=202608271639441564f4ab64559d_12,http://www.lawissue.co.kr/view.php?ud=202608271639441564f4ab64559d_12
고려대학교,후생신보,"고대 구로 김현구 교수, 美에 ‘싱글포트 로봇 흉부수술’ 생중계","고려대학교 구로병원 심장혈관흉부외과 김현구 교수가 미국 흉부외과 의료진들을 대상으로 ‘싱글포트(단일공) 로봇 흉부수술’을 생중계하며 주목받고 있다. 김 교수는 최근 클리블렌드 클리닉, 컬럼비아대학 어빙...",2026-08-27 16:34,http://www.whosaeng.com/173189,http://www.whosaeng.com/173189
고려대학교,서울경제TV,"김현구 고려대 구로병원 교수, 美 흉부외과에 싱글포트 로봇수술 생중계","김현구 고려대학교 구로병원 심장혈관흉부외과 교수가 미국 흉부외과 의료진을 대상으로 싱글포트(단일공)... 구로병원에 따르면 김현구 교수는 최근 클리블랜드 클리닉, 콜롬비아 대학 어빙 메디컬센터 등 미국 주요...",2026-08-27 16:30,https://www.sentv.co.kr/article/view/sentv202608270183,https://www.sentv.co.kr/article/view/sentv202608270183
연세대학교,국민일보,"기후 위기와 성서적 신앙 조명…연세대, 제19회 배민수 목사 기념강좌 ...",연세대학교 신과대학 및 연합신학대학원이 다음달 2일 오후 3시 원두우신학관 예배실에서 ‘제19회 배민수 목사 기념강좌’를 개최한다고 27일 밝혔다. 이 강좌는 일제강점기 항일 독립운동과 장로교 기독교 농촌운동에...,2026-08-27 16:10,https://www.kmib.co.kr/article/view.asp?arcid=9000006774&cp=nv,https://n.news.naver.com/mnews/article/005/0001869348?sid=103
고려대학교,코리아쉬핑가제트,고려대 바다최고위 8기 수료식 성료,"김인현 주임교수는 ""29명의 바다산업분야 최고위들이 4개월의 과정을 성실하게 잘 마치고 영광의 수료식을 가지게 됐다""고 김상중 고려대 법학전문대학원 원장에게 보고했다. 이어 김상중 원장의 식사, 안광헌 HD현대...",2026-08-27 15:46,https://www.ksg.co.kr/news/main_newsView.jsp?pNum=147924,https://www.ksg.co.kr/news/main_newsView.jsp?pNum=147924
연세대학교,후생신보,"연세대 보건·융합보건의료대학원, 최고위과정 37기 모","과정은 연세대 보건대학원 권준욱 교수와 연세의료원 바이오헬스기술지주회사 한원선 부사장이 총괄하며, 총 28개 강좌와 부속 행사로 구성된다. 교육은 ▲패러다임 변화 ▲실제 현장 혁신 ▲거버넌스 ▲응용과 적용...",2026-08-27 15:42,http://www.whosaeng.com/173180,http://www.whosaeng.com/173180
고려대학교,한국대학신문,형량은 어떻게 정해야 공정한가… 고려대서 '대한민국 양형의 미래' 논...,"본격적인 학술 세션에 앞서 이주원 한국양형법학회 초대회장 겸 고려대 법학전문대학원 교수의 개회사를 시작으로, 최봉경 한국법학교수회장, 이승련 사법정책연구원장을 비롯한 국내 주요 법 관련 학회장 및 사법...",2026-08-27 15:32,https://news.unn.net/news/articleView.html?idxno=596528,https://news.unn.net/news/articleView.html?idxno=596528
고려대학교,CNB저널,"고려대·한국양형법학회, '대한민국 형사사법 100년 대계로서의 양형' 학...","학술 세션에 앞서 이주원 한국양형법학회 초대회장 겸 고려대 법학전문대학원 교수의 개회사와 최봉경 한국법학교수회장, 이승련 사법정책연구원장 등의 축사가 진행될 예정이다. 행사는 ▲기조강연 ▲창립기념강연...",2026-08-27 15:28,https://www.cnbizm.com/news/articleView.html?idxno=312952,https://www.cnbizm.com/news/articleView.html?idxno=312952
고려대학교,한경매거진,"유디임팩트, 고려대 스타트업연구원과 맞손...韓 스타트업 일본 진출 지...",유디임팩트는 고려대 경영대학 스타트업연구원과 한·일 창업 생태계 협력을 위한 업무협약(MOU)을 체결했다고 밝혔다. 이번 협약을 통해 양 기관은 일본 진출을 희망하는 초기 창업자와 대학 기반 스타트업을...,2026-08-27 15:16,https://magazine.hankyung.com/money/article/202608277105c,https://magazine.hankyung.com/money/article/202608277105c
연세대학교,바이오타임즈,"KAIST-연세대 의대, 뇌 이식 장치의 무선화 성공…뇌 질환 연구의 패러다...","KAIST 전기및전자공학부 정재웅 교수 연구팀과 연세대학교 의과대학 김화영 교수 연구팀은 공동 연구를 통해 약물 전달, 빛 자극, 무선 통신 및 인터넷 원격 제어 기능을 통합한 'IoT 기반 무선 뉴럴 임플란트(Neural Implant)'를...",2026-08-27 15:14,https://www.biotimes.co.kr/news/articleView.html?idxno=34073,https://www.biotimes.co.kr/news/articleView.html?idxno=34073
고려대학교,뉴스1,양형으로 짚는 형사사법 100년…고려대-한국양형법학회 공동 학술대회,"이동원 대법원 양형위원회 위원장 겸 고려대 법학전문대학원 석좌교수가 '양형기준과 양형실무'를 주제로 기조강연을 펼치며, 이어 문준영 부산대 법학전문대학원 교수가 '조선시대의 양형사상'을 주제로 창립 기념...",2026-08-27 15:00,https://www.news1.kr/society/education/6271517,https://n.news.naver.com/mnews/article/421/0009136054?sid=102
고려대학교,점프볼,NBA 출신의 외국선수 매치업은 처음이라…고려대 포워드들은 무엇을 느...,고려대 선수들은 경기 내내 오브라이언트와 직접 부딪히며 대학무대에서 쉽게 접하기 어려운 힘과 기술을... 대학 입학 후 외국선수를 직접 상대해 본 것이 이번이 처음이었다. 정재엽은 “대학교에 올라온 지 오래되지...,2026-08-27 14:57,https://m.sports.naver.com/basketball/article/065/0000301066,https://m.sports.naver.com/basketball/article/065/0000301066
고려대학교,전자신문,"고려대 연구팀, “청소년기 우울, 30년 내 조기 사망 위험 17.5% 높여”","고려대학교는 김진호 보건정책관리학부 교수 연구팀이 미국 대표 청소년 패널조사 'Add Health' 대상자 1만4320명을 1994년부터 2023년까지 약 30년간 추적 분석해 이 같은 결과를 확인했다고 27일 밝혔다. 분석 결과, 개인 및...",2026-08-27 14:57,https://www.etnews.com/20260827000313,https://n.news.naver.com/mnews/article/030/0003461003?sid=102
연세대학교,전자신문,"과기정통부, 서울대·연세대·중앙대 등 선도연구센터 11곳 신규 지정","서울대 수리 알고리즘·보안 연구센터, 연세대 공중합체 순환형 시스템 연구센터, 중앙대 염색체 시스템... 과기정통부는 1990년부터 대학의 조직화된 협동 연구와 산학연 연계 강화를 위해 선도연구센터 사업을...",2026-08-27 14:35,https://www.etnews.com/20260827000287,https://n.news.naver.com/mnews/article/030/0003460981?sid=105
고려대학교,뉴시스,고려대서 '양형의 미래' 논한다…한국양형법학회 학술대회 개최,"학술 세션에 앞서 이주원 한국양형법학회 초대회장 겸 고려대 법학전문대학원 교수의 개회사를 시작으로, 최봉경 한국법학교수회장, 이승련 사법정책연구원장을 비롯한 국내 주요 법 관련 학회장 및 사법 연구 기관장들의...",2026-08-27 14:23,https://www.newsis.com/view/NISX20260827_0003765384,https://n.news.naver.com/mnews/article/003/0014152551?sid=102
고려대학교,아시아타임즈,형량은 어떻게 정해야 공정한가⋯ 고려대서 '대한민국 양형의 미래' 논...,이후 하태훈 고려대 법학전문대학원 명예교수가 좌장을 맡아 '한국 양형연구의 방향과 과제'를 주제로 자유토론을 진행한다. 학술대회 이후에는 한국양형법학회 창립 임시총회가 열린다. 이주원 한국양형법학회 초대회장...,2026-08-27 14:14,https://www.asiatime.co.kr/article/20260827500275,https://www.asiatime.co.kr/article/20260827500275
고려대학교,뉴스티앤티,"고려대 법학연구원·한국양형법학회, '대한민국 형사사법 100년 대계' 양...","개회식에서는 이주원 한국양형법학회 초대회장 겸 고려대 법학전문대학원 교수의 개회사를 비롯해 최봉경 한국법학교수회장, 이승련 사법정책연구원장 등 주요 법학회 및 사법 연구기관 관계자들의 축사가 이어진다....",2026-08-27 14:14,https://www.newstnt.com/news/articleView.html?idxno=715509,https://www.newstnt.com/news/articleView.html?idxno=715509
고려대학교,베리타스알파,고려대 법학연구원 한국양형법학회와 창립기념 학술대회 공동개최.. '형...,"본격적인 학술 세션에 앞서 이주원 한국양형법학회 초대회장 겸 고려대 법학전문대학원 교수의 개회사를 시작으로, 최봉경 한국법학교수회장, 이승련 사법정책연구원장을 비롯한 국내 주요 법 관련 학회장/사법...",2026-08-27 13:56,https://www.veritas-a.com/news/articleView.html?idxno=624855,https://www.veritas-a.com/news/articleView.html?idxno=624855
연세대학교,에듀동아,"연세대 신용 교수팀, ""소변 속 암 신호를 동시에 읽는다""… miRNA 다중 정...","연세대학교(총장 윤동섭) 생명공학과 신용 교수팀이 소변에서 암 관련 마이크로RNA(이하 miRNA)를 여러 개, 동시에 분석할 수 있는 새로운 분자 진단 플랫폼을 개발했다. DNA로 만든 나노구조체가 특정 miRNA를...",2026-08-27 13:24,https://edu.donga.com/news/articleView.html?idxno=111330,https://edu.donga.com/news/articleView.html?idxno=111330
연세대학교,한국대학신문,"연세대 신용 교수팀, ""소변 속 암 신호를 동시에 읽는다"" miRNA 다중 정량...","연세대학교(총장 윤동섭) 생명공학과 신용 교수팀이 소변에서 암 관련 마이크로RNA(이하 miRNA)를... 연세대 생명공학과 신용 교수(왼쪽), 김명규 박사후연구원 miRNA는 암을 비롯한 다양한 질환에서 양이...",2026-08-27 12:02,https://news.unn.net/news/articleView.html?idxno=596506,https://news.unn.net/news/articleView.html?idxno=596506
